key,3,4,5
#,Text,,
offset,0,4,8
int32,str,str,str
0,,,
1,Comenzar Juego,,
2,"Configuración",,
3,"Cinemática Introductoria",,
4,"Créditos",,
5,,,
6,"¿Calibrar el controlador?<hex:02100103>※Las opciones pueden ser cambiadas en cualquier momento desde el menú de Configuración.",,
7,Sí,,
8,No,,
9,,,
10,Cuenta de Servicio,,
11,Selecciona una Cuenta de Servicio,,
12,Version: <hex:022903EA0203> (<hex:022903EA0303>),,
13,"<hex:024804F201F403><hex:024904F201F503>¡Aviso!<hex:0249020103><hex:0248020103> La resolución de la pantalla está en Bajo (480p/i 576p/i)<hex:02100103>La resolución recomendada es Alta (720p).",,
14,,,
15,OK,,
16,Cancelar,,
17,"Selecciona las características que deseas cambiar en el listado de la derecha. Aquellas marcadas con ??? aun deben ser confirmadas.",,
18,"Selecciona las características que deseas cambiar en el listado de la derecha y presiona OK para que los cambios se vean reflejados.",,
19,"Selecciona las características que deseas cambiar en el listado de la derecha. Aquellas marcadas con ??? aun deben ser confirmadas.",, 
20,"Eliminar Personaje",,
21,"¿Eliminar el personaje <hex:022903EA0203>?<hex:02100103>Por favor, se consciente de que si eliminas el personaje perderás todos los objetos, gil y custodios en su posesión.<hex:02100103>Si este personaje es líder de una Compañía Libre para la que no hay un sucesor, dicha compañía será disuelta y todos sus bienes en el alijo de la compañía e inmuebles serán eliminados también.",,
22,"Lo entiendo y deseo eliminar a este personaje.",,
23,Cambiar Nombre,,
24,Cambiar Nombre de Custodio,,
25,"¿Deseas conectar con <hex:022903EA0203>?",,
26,"Un cambio de nombre es requerido para conectar con este personaje.",,
27,"<hex:020885E1E80201FF45>Por favor, cambia el nombre de tu personaje tras recibir los datos de este.<hex:FF39>Un cambio de nombre es requerido para conectar con este personaje.<hex:03>",,
28,"¿Cambiar el nombre de este personaje a <hex:022903EA0203>?",,
29,"¿Cambiar el nombre de este custodio a <hex:022903EA0203>?",,
30,"Nuevo Personaje",,
31,"¿Abandonar la creación del personaje y perder todo el progreso?",,
32,"¿Comenzar una nueva aventura con este personaje?",,
33,"¿Quieres crear un nuevo personaje?",,
34,"No puedes crear mas personajes. Para crear un nuevo personaje deberás eliminar primero uno de los existentes.",,
35,<hex:022003E80203>/<hex:022003E80303>,,
36,Ubicación,,
37,"<hex:0209BAE804FF04>1st<hex:FF04>2nd<hex:FF04>3rd<hex:FF04>4th<hex:FF04>5th<hex:FF04>6th<hex:FF04>7th<hex:FF04>8th<hex:FF04>9th<hex:FF05>10th<hex:FF05>11th<hex:FF05>12th<hex:FF05>13th<hex:FF05>14th<hex:FF05>15th<hex:FF05>16th<hex:FF05>17th<hex:FF05>18th<hex:FF05>19th<hex:FF05>20th<hex:FF05>21st<hex:FF05>22nd<hex:FF05>23rd<hex:FF05>24th<hex:FF05>25th<hex:FF05>26th<hex:FF05>27th<hex:FF05>28th<hex:FF05>29th<hex:FF05>30th<hex:FF05>31st<hex:FF05>32nd<hex:03> Sol de la <hex:020993E802FF0B>Primera Luna Astral<hex:FF0B>Primera Luna Umbral<hex:FF0B>Segunda Luna Astral<hex:FF0B>Segunda Luna Umbral<hex:FF0B>Tercera Luna Astral<hex:FF0B>Tercera Luna Umbral<hex:FF0B>Cuarta Luna Astral<hex:FF0B>Cuarta Luna Umbral<hex:FF0B>Quinta Luna Astral<hex:FF0B>Quinta Luna Umbral<hex:FF0B>Sexta Luna Astral<hex:FF0B>Sexta Luna Umbral<hex:03>",,
38,"（<hex:022003E80203><hex:022003E80303>）",,
39,,,
40,Primera Luna Astral,,
41,Primera Luna Umbral,,
42,Segunda Luna Astral,,
43,Segunda Luna Umbral,,
44,Tercera Luna Astral,,
45,Tercera Luna Umbral,,
46,Cuarta Luna Astral,,
47,Cuarta Luna Umbral,,
48,Quinta Luna Astral,,
49,Quinta Luna Umbral,,
50,Sexta Luna Astral,,
51,Sexta Luna Umbral,,
52,,,
53,<hex:0209BAE804FF04>1st<hex:FF04>2nd<hex:FF04>3rd<hex:FF04>4th<hex:FF04>5th<hex:FF04>6th<hex:FF04>7th<hex:FF04>8th<hex:FF04>9th<hex:FF05>10th<hex:FF05>11th<hex:FF05>12th<hex:FF05>13th<hex:FF05>14th<hex:FF05>15th<hex:FF05>16th<hex:FF05>17th<hex:FF05>18th<hex:FF05>19th<hex:FF05>20th<hex:FF05>21st<hex:FF05>22nd<hex:FF05>23rd<hex:FF05>24th<hex:FF05>25th<hex:FF05>26th<hex:FF05>27th<hex:FF05>28th<hex:FF05>29th<hex:FF05>30th<hex:FF05>31st<hex:FF05>32nd<hex:03> Sun of the <hex:020993E803FF0B>1st Astral<hex:FF0B>1st Umbral<hex:FF0B>2nd Astral<hex:FF0B>2nd Umbral<hex:FF0B>3rd Astral<hex:FF0B>3rd Umbral<hex:FF0B>4th Astral<hex:FF0B>4th Umbral<hex:FF0B>5th Astral<hex:FF0B>5th Umbral<hex:FF0B>6th Astral<hex:FF0B>6th Umbral<hex:03> Moon,,
54,,,
55,,,
56,<hex:022903EA0203><hex:020943E803FF01><hex:FF09>(LEGACY)<hex:FF01><hex:FF09>(LEGACY)<hex:FF05>(EU)<hex:FF0C>(LEGACY/EU)<hex:FF05>(OC)<hex:FF0C>(LEGACY/OC)<hex:FF01><hex:03>,,
57,"Obteniendo listado de Mundos...",,
58,"Imposible obtener el listado de Mundos.",,
59,"Obtener información actualizada del Mundo. Esta caracaterísticas solo puede ser usada cada <hex:020860E802FF54><hex:020850E2E8020BFF42><hex:02093EE802FF04>un<hex:FF04>dos<hex:FF06>tres<hex:FF05>cuatro<hex:FF05>cinco<hex:FF04>seis<hex:FF06>siete<hex:FF06>ocho<hex:FF05>nueve<hex:FF04>diez<hex:03><hex:FF07><hex:022003E80203><hex:03><hex:FF07><hex:022003E80203><hex:03> <hex:020816E4E80202FF07>minuto<hex:FF08>minutos<hex:03>.",,
60,"Esta cuenta no tiene ranuras de personaje disponibles. Para crear un nuevo personaje debes eliminar uno existente seleccionando la opción "Eliminar" el menú de subcomandos.",,
61,"No puedes crear mas personajes. Para crear un nuevo personaje debes eliminar uno existente seleccionando la opción "Eliminar" el menú de subcomandos.",,
62,"No puedes crear mas personajes en este Mundo. Selecciona otro.",,
63,"Este Mundo no acepta nuevos personajes. Puedes esperar a que la restricción sea eliminada o seleccionar otro Mundo.",,
64,"No puedes elegir este personaje con tu cuenta actual.",,
65,"Tienes la oportunidad de editar la raza, género, apariencia y nombre de tu personaje.",,
66,"<hex:02089CE1E80201FF4B>Por favor, cambia el nombre de tu custodio tras recibidor los datos del personaje.<hex:FF4A>Para conectar con este personaje primero debes cambiar el nombre del custodio.<hex:03>",,
67,"Si lo deseas, puedes cambiar la raza, género y apariencia de tu personaje.",,
68,"Para conectar con este personaje primero debes instalar <hex:02280FFF0A>ExVersion<hex:E8020103>.,,
69,"Para editar la raza, género o apariencia de este personaje primero debes instalar <hex:02280FFF0A>ExVersion<hex:E8020103>.",,
70,"Para conectar con este personaje de la versión 1.0, primero debes especificar la clase de Adepto de la Guerra o Magia con la que deseas comenzar la aventura.",,
71,OK,,
72,Cancelar,,
73,"Has elegido comenzar FINAL FANTASY XIV: A Realm Reborn como  <hex:02280EFF09>ClassJob<hex:E8020103><hex:FF94> <hex:02280EFF09>ClassJob<hex:E8020103><hex:FF74> <hex:02280EFF09>ClassJob<hex:E8020103><hex:FF54> <hex:02280EFF09>ClassJob<hex:E8020103><hex:FF34> <hex:02280EFF09>ClassJob<hex:E8020103><hex:FF14> <hex:02280EFF09>ClassJob<hex:E8020103><hex:03><hex:03><hex:03><hex:03><hex:03>. Comenzarás tu aventura en <hex:02280AFF05>Town<hex:E8030103>.",,
74,OK,,
75,Cancelar,,
76,"Para conectar con este personaje de la versión 1.0, primero debes especificar la clase de Adepto de la Guerra o Magia con la que deseas comenzar la aventura. Además se te dará la oportunidad de editar la raza, tribu, género, apariencia y nombre del personaje.",,
77,Editar ahora.,,
78,"Editar después.",,
79,"Re-editar Personaje",,
80,"Crear un nuevo personaje con una Apariencia guardada.",,
81,"Guardar Datos de Apariencia",,
82,"Cargar Datos de Apariencia",,
83,"Para facilitar el proceso de conexión la información que se mostrará del personaje ha sido simplificada.",,
84,"¡Te damos la Bienvenida a Eorzea!<hex:02100103>Antes de que comiences tu aventura debes crear un personaje.",,
85,Proceder,,
86,"¡Te damos la Bienvenida a Eorzea!<hex:02100103>Comienza tu aventura seleccionando un personaje existente o creando uno nuevo.<hex:02100103>Actualmente tienes <hex:020860E803FF54><hex:020850E2E8030BFF42><hex:02093EE803FF04>un<hex:FF04>dos<hex:FF06>tres<hex:FF05>cuatro<hex:FF05>cinco<hex:FF04>seis<hex:FF06>siete<hex:FF06>ocho<hex:FF05>nueve<hex:FF04>diez<hex:03><hex:FF07><hex:022003E80303><hex:03><hex:FF07><hex:022003E80303><hex:03> <hex:02081CE4E80202FF0A>personaje<hex:FF0B>personajes<hex:03> en <hex:022903EA0203>. Para seleccionar otro Mundo, presiona el botón de Mundo en la parte superior derecha de tu pantalla.",,
87,Proceder,,
88,"Seleccionar Mundo.",,
89,"Los Mundos están separados en dos grupos basados en la ubicación del servidor. Comprueba la latencia para ver cual es mejor para ti.",,
90,,,
91,,,
92,,,
93,,,
94,,,
95,"Conectando con <hex:022903EA0203>.<hex:02100103><hex:02100103><hex:024804F201FA03><hex:024904F201FB03>Tu personaje esta actualmente en un Mundo diferente de tu Mundo de Origen. Visita un Aetheryte en Limsa Lominsa, Gridania o Ul'dah para volver a tu Mundo.<hex:0249020103><hex:0248020103>",,
96,"Conectando con <hex:022903EA0203>.<hex:02100103><hex:02100103><hex:024804F201FA03><hex:024904F201FB03>Tu personaje esta actualmente en un Centro de Datos diferente al de tu Mundo de Origen. Para volver, selecciona Volver a Mi Mundo de Origen desde el menú de subcomandos del personaje con el que quieres conectar.<hex:0249020103><hex:0248020103>",,
97,,,
98,,,
99,<hex:02100103><hex:02100103>Atributos de Inicio: FUE <hex:022003E80203>/DES <hex:022003E80403>/VIT <hex:022003E80303>/INT <hex:022003E80503>/MEN <hex:022003E80603>,,
100,? ? ?,,
101,"Raza & Género",種族,
102,"Clan",部族,
103,"Género",性別,
104,"Apariencia",ルックス,
105,"Día del Nombre",誕生日,
106,"Guardian",守護神,
107,"Clase",クラス,
108,"Mundo de Origen",ワールド,
109,"Nombre",名前,
110,Hyur<hex:02090FE802FF04> ©<hex:FF04> ®<hex:FF01><hex:03>,,"Los Hyur llegaron al reino de Eorzea en tres oleadas de migración desde los
continentes e islas que lo rodean, trayendo con sigo una tecnología sofisticada
y complejo espíritu templado por el extenso mundo exterior. En poco tiempo
pasaron a ser una gran fuerza impulsora, y ahora se les atribuye ampliamente
el progreso de la cultura y civilización eorzense, convirtiéndose en la raza
más populosa de toda Eorzea.

Uno de los puntos fuertes de esta raza es la asombrosa variedad de idiomas y
tradiciones sociales que exhiben. Se dice que esto explica su gran convicción por la libertad
personal, aunque también resulta en una relativa falta de solidaridad y cohesión unificada."
111,,,
112,Elezen<hex:02090FE802FF04> ©<hex:FF04> ®<hex:FF01><hex:03>,,"En tiempos antiguos, los Elezen eran los únicos habitantes de Eorzea, 
reclamando el dominio sobre ella. Tradicionalmente un pueblo nómada, los altos
y esbeltos Elezen creían que el reino les pertenecía por derecho divino. 
Desafortunadamente, esta creencia hizo que la aparición eventual de los Hyur
fuera similar a una invasión, y se desató una larga historia de conflictos.

En última instancia, los Elezen se dividieron en los dos clanes que hoy existen. 
Los Elezen del clan Bosque Salvaje se adentraron en los bosques para proteger su 
tierra natal, mientras que los Elezen del clan Luz del Anochecer se retiraron a 
cuevas y subterráneos, optando, en su lugar, por evitar todo contacto excepto con los suyos."
113,,,
114,Lalafell<hex:02090FE802FF04> ©<hex:FF04> ®<hex:FF01><hex:03>,,"Una gente pequeña de cuerpos cortos y robustos, los Lalafell parecen 
no ser más que niños a los ojos de la mayoría. Muchos de estos ágiles pequeños 
provienen de las islas de los mares del sur, donde practican un estilo de vida agrícola simple.
No fue hasta la apertura de las rutas comerciales marítimas que comenzó la migración gradual de 
los Lalafells a Eorzea. Ahora son una de las razas más arraigadas en el reino, los Lalafells pueden 
encontrarse en gran número en casi todas las ciudades. 

Aunque la cultura Lalafellin pone gran énfasis en las relaciones familiares, 
los individuos son conocidos por llevarse amigablemente con miembros de todas las razas."
115,,,
116,Miqo'te<hex:02090FE802FF04> ©<hex:FF04> ®<hex:FF01><hex:03>,,"Los antepasados de los Miqo'te llegaron a Eorzea durante la Edad de la Helada Interminable,
cruzando los mares congelados en busca de la vida salvaje de la cual subsistían.
La adaptación a un estilo de vida de cazadores los ha dotado de un agudo sentido del olfato,
piernas fuertes y una cola que les proporciona un equilibrio excepcional.

Se sabe que los Miqo'te son muy territoriales y muchos individuos tienden a llevar 
estilos de vida solitarios, especialmente los machos."
117,,,
118,Roegadyn<hex:02090FE802FF04> ©<hex:FF04> ®<hex:FF01><hex:03>,,"Conocidos por su constitución corpulenta y mirada penetrante,
los Roegadyn son la raza más grande y resistente de Eorzea. La mayoría de
los Roegadyn del reino pertenecen al clan Lobos de Mar, un pueblo marítimo
que gana su sustento en o junto al mar, ya sea como marineros, pescadores o piratas. 

Comparativamente menos numerosos son los Roegadyn del clan Guardianes del Infierno,
conocidos por su comportamiento más serio y que a menudo se dedican a trabajar
como guardaespaldas y herreros."
119,,,
120,Midlander,,"El clan Midlander comprende más de la mitad de la población total de los Hyur en Eorzea. 
Se han establecido en todas las ciudades del reino y llevan vidas tan diversas como su herencia.

Entrenados en letras desde la infancia, los Midlanders generalmente tienen más educación que muchas 
de las otras razas y clanes. A pesar de que los hombres tienden a ser ligeramente más altos que las mujeres, 
no hay diferencias significativas entre los géneros."
121,,,
122,Clan de las Tierras Altas,,"Los Hyur del clan de las Tierras Altas fueron los primeros de los Hyur en llegar a Eorzea.
El nombre de su clan deriva de su larga tradición de construir fortalezas en las montañas. En comparación con sus hermanos
de las Tierras Bajas, son notablemente más grandes en constitución.

Últimamente, estos Hyur se han vuelto cada vez más raros en Eorzea, y su número está representado casi exclusivamente por 
aquellos que huyeron de Ala Mhigo después de su caída. La mayoría de ellos trabajan en la ciudad-estado de Ul'dah en el
desierto de Thanalan como mercenarios y espadachines a sueldo."
123,,,
124,Wildwood,,"For hundreds of years, the Wildwood Elezen have lived in the
relative safety of Eorzea's lush forests. With the formation of
Eorzea's governments, however, many Wildwood ventured forth
from the forests, drawn to the exhilarating cosmopolitanism of
nearby Gridania. There is minimal dimorphism between the two
genders, though males are generally considered to be milder and
more chivalrous in demeanor. Among their Duskwight brethren,
Wildwood Elezen are referred to as Greens, for their love of the forest."
125,,,
126,Duskwight,,"Centuries ago, a number of Elezen sought out a life of peace and
seclusion in the depths of Eorzea's caves and caverns. Today,
they are called the Duskwight, though to their Wildwood cousins
they are known simply as the Greys, after their preference for
darkness and stone.

The cave-dwelling ways of the Duskwight persist, with some
among them turning to robbery and pillaging to survive, earning
them the scorn of their woodland relatives. There are few
differences between the genders, but Duskwight females are
often regarded as being the more passionate and unyielding of
the two."
127,,,
128,Plainsfolk,,"From the flat landscapes of the Plainsfolk's home islands are where
this Lalafellin clan takes its name. Their distinct hair coloration－
a myriad of earthy and grassy tones－helps them to blend in well
with their environment, acting as an effective camouflage against
would-be attackers. It was the similarity of La Noscea's grassy
fields to those in their homeland which drew the first settlers to
the island of Vylbrand and what is now Limsa Lominsa.

They are a clever and opportunistic people, and crafty with
their words. The generally accepted view of Plainsfolk is that
they are a vibrant lot, with a penchant for excessive conversation."
129,,,
130,Dunesfolk,,"Perhaps the most unique characteristic of the Dunesfolk is their
luminous eyes─a result of a glossy, protective layer which covers
the pupil, an evolutionary response to their homeland's glaring sunlight.
Many individuals wear a small, traditional gemstone on their forehead,
a symbol of their zodiacal sign. They are adamant about scholasticism,
placing the advancement of knowledge before all else. Other races
tend to perceive male Dunesfolk as introverts who care more for
books, business, and the prosperity of Ul'dah─a city-state built upon
Dunesfolk ingenuity─than the goings-on of the rest of the realm."
131,,,
132,Seekers of the Sun,,"The self-proclaimed Seekers of the Sun are the diurnal clan of
the Miqo'te race. Their preference for the warm light of day
pervades all aspects of their culture, as is apparent in their
devout reverence for Azeyma, the Warden, keeper of the sun
and goddess of inquiry.

They are perhaps known best for their striking eyes－the result
of their vertically aligned pupils and faintly colored irises. It is also
not uncommon for their eyes to be disparately colored from birth,
a trait considered auspicious amongst their kind.

Seeker tribes can be found throughout Eorzea, with large
concentrations appearing near Limsa Lominsa and the Sagolii Desert."
133,,,
134,Keepers of the Moon,,"The nocturnal among the Miqo'te have dubbed themselves the
Keepers of the Moon. Shying from the garish light of day, they
revel in the shroud of night, with most offering their piety to
Menphina, the Lover, goddess of the moon.

They are distinguishable from their diurnal cousins by their
darker fur, larger ears, rounder eyes, more pronounced canines,
and longer, skinnier tails. The ritual application of war paint to
the face is still regularly practiced, as it is believed the vivid
colors grant lunar powers.

After a great many summers of conflict with the people of
Gridania, the Keepers have finally made amends with the
people of the sylvan city-state, with some even choosing
to make their homes there."
135,,,
136,Sea Wolves,,"Long ago, no vessel or coastal village was safe from
the fury of the Sea Wolves and their maritime brand
of brutality. The mere mention of the clan was enough
to strike fear into the hearts of any who drew their
livelihood from the sea. The Sea Wolves originally hail
from the islands of the far north seas, where they still
subsist as fishermen and women.

It was not until the large-scale deployment of Limsa
Lominsa's armada that the Sea Wolves' appetite for
piracy diminished. Now, it is not uncommon to see them
employed as sailors or naval mercenaries on all manner
of vessels. However, they have never forgotten the
ways of their homeland, and still use the ancient
Roegadyn language in their names."
137,,,
138,Hellsguard,,"The Hellsguard are a Roegadyn clan with body and mind
tempered by the unforgiving heat of the volcanic regions
they inhabit. Believing these mountains of flame to be
gates to the underworld, their line has for centuries
stood vigil to prevent the passage of souls back to the
realm of the living.

As the harsh environs of their homelands produce
little sustenance, the second- and third-born are often
sent forth from their mountain villages, with many and
more making their way to the great cities. It is there that
their sheer girth and steely demeanors place them in
high demand as soldiers and sellswords, allowing the
young of even the largest families to surpass their
elder siblings in prosperity."
139,,,
140,Au Ra<hex:02090FE802FF04> ©<hex:FF04> ®<hex:FF01><hex:03>,,"The curved horns and beautifully patterned scales that characterize
the Au Ra oft give rise to speculation that members of this Hyur-like
race native to the Far Eastern continent of Othard are, in fact, the
progeny of dragons. This, however, has long been disputed, with
scholars citing several distinct differences in the two races as
evidence of decidedly dissimilar roots─the first and foremost being
the enhanced hearing and spatial recognition granted by an Au Ra's
cranial projections (traits not attributed to draconian horns), and the
second being the gross disproportion in body mass between Auri
males and females (again, a trait widely unseen in dragons)."
141,,,
142,Raen,,"Auri creation myth tells of a Dawn Father and a
Dusk Mother from whom all Au Ra are descended.
The Raen believe their veins to run thick with the
blood of the former─their brilliant white scales and
iron wills serving as proof of this divine lineage.

Unlike their sister clan, the Xaela, who bloody the
land with endless tribal conflict, the Raen have
embraced a life of tranquility and solitude, long
abandoning the nomadic lifestyle of their ancestors
to settle the deep valleys of Othard's mountainous
eastern reaches. Only on rare occasions will one
emerge from the valley mists to seek adventure
in realms afar."
143,,,
144,Xaela,,"Auri creation myth tells of a Dawn Father and a
Dusk Mother from whom all Au Ra are descended.
The Xaela believe their veins to run thick with the
blood of the latter─their lustrous black scales and
fiery wills serving as proof of this divine lineage.

Unlike their sister clan, the Raen, who lead solitary
lives hidden behind the savage peaks of Othard's
eastern reaches, the Xaela are free spirits who
roam the vast western steppe in close-knit tribes
hunting, gathering, and warring as their ancestors
have for countless generations."
145,,,
146,,,
147,,,
148,,,
149,,,
150,,,
151,,,
152,Aleatorio,,
153,,,
154,Halone,,
155,La Furia,,
156,Menphina,,
157,La Amante,,
158,Thaliak,,
159,El Erudito,,
160,Nymeia,,
161,La Hilandera,,
162,Llymlaen,,
163,La Navegante,,
164,Oschon,,
165,El Peregrino,,
166,Byregot,,
167,El Constructor,,
168,Rhalgr,,
169,El Destructor,,
170,Azeyma,,
171,La Vigilante,,
172,Nald'thal,,
173,Los Comerciantes,,
174,Nophica,,
175,La Matrona,,
176,Althyk,,
177,El Custodio,,
178,Gladiator,,"Gladiators specialize in the handling of all manner of one-handed
blades, from daggers to longswords, be they single- or double-edged,
straight or curved. A defining characteristic of the art is its emphasis
on diverse combat tactics, training its members to bring their martial
skills to bear in any situation. As such, there are practitioners who
marry sword with shield, seeking to defend their fellow companions.
Others opt for an empty off hand, choosing instead to focus entirely
on their sword arm. In all instances, the ages-old art of the sword
makes the gladiator a formidable adversary in any encounter."
179,,,
180,Pugilist,,"The path of the pugilist is one of incessant training aimed at mastering
the traditional techniques of hand-to-hand combat. Though they
command formidable power when unarmed, they are wont to use metal,
leather, and bone weaponry to maximize their destructive potential.

Their preference for fighting at close quarters makes negotiating
distances an absolute necessity. This is why many pugilists are quick
to learn that lightweight gear allowing for maximum agility ensures them
better success in battle than does cumbersome plate or chain."
181,,,
182,Marauder,,"The marauder is a combat specialist whose weapon of choice is
the greataxe－a fearsome arm emblematic of Eorzea's pirates.
Their approach to battle is one of brute force, relying on strength
and steel to crush enemies and sunder weapons. They are highly
sought after for their ferocity and intimidating presence, and are
often employed to hunt down monsters plaguing the land, or to turn
the tide of battle between warring nations."
183,,,
184,Lancer,,"The strategy of the lancers is to outrange and fluster opponents
with their long, two-handed polearms, peppering them with a barrage
of thrusting attacks. They are trained with a number of weapons,
giving a diversity to their attacks that makes them extremely
versatile combatants.

In former times, the longspear saw the most widespread use,
due in great part to the influence of the proud lancer legions of
Ala Mhigo. Since then, the guild has greatly expanded its armories
to include a variety of weaponry, such as the halberd and the trident."
185,,,
186,Archer,,"The enduring popularity of the bow is a testament to its elegant
design, but this simple weapon would be of little worth without the
surpassing skill of those who master it－the archers. Projectile
techniques such as high-angle fire enable archers to assail their
foes with deadly precision even at great distances.

Constant assessment of the battlefield enables them to carefully
determine the most advantageous ground from which to loose,
as well as the nature of the arrows best suited to their enemy.
Together with the longbow sentries of the Elezen military, the
shortbow hunters among the Miqo'te are widely regarded as
most skilled with the bow."
187,,,
188,Conjurer,,"Conjury calls upon elemental forces present in nature and concentrates
them to a potency at which spells can be woven. Through practiced
meditation on the essences of creation, conjurers draw forth and
absorb aether from their immediate surroundings. A wand or cane
made from unworked wood is then utilized to focus the aether until it
manifests as the desired spell. The seat of the Conjurers' Guild lies at
Stillglade Fane in Gridania, where the voices of Eorzea's elementals are
said to be most powerful."
189,,,
190,Thaumaturge,,"In the hands of a skilled practitioner, thaumaturgy can be a force of
terrifying destruction. At the heart of this school of magic lies the
ability to call forth and command the latent aether within oneself
through deep introspection. To then mold that aether into sorcery,
the thaumaturge makes use of a scepter or staff, within which is
housed a medium－a natural stone imbued with magical properties."
191,,,
192,Arcanist,,"Adepts of the art of arcanum derive their might from symbols of power
born of geometric techniques hailing from across the southern seas.
Held within occult grimoires, these symbols lend shape to the arcanist's
aether, thereby allowing him to produce myriad powerful spells. Using
the selfsame symbols to unlock the latent power contained within
gemstones, arcanists are also able to summon forth the familiar known
as Carbuncle to carry out their bidding."
193,,,
194,Blacksmith,,不要：新生ではキャラメイクで選択できるのは戦闘職のみ。
195,,,
196,Miner,,不要：新生ではキャラメイクで選択できるのは戦闘職のみ。
197,,,
198,,,
199,,,
200,Presets,,
201,Height,,
202,Skin Color,,
203,Voice,,
204,Muscle Tone,,
205,,,
206,,,
207,Muscle Tone,,
208,,,
209,Bust Size,,
210,Ear Size,,
211,Ear Shape,,
212,,,
213,Ear Size,,
214,Ear Shape,,
215,Bust Size,,
216,Ear Size,,
217,Ear Shape,,
218,,,
219,Ear Size,,
220,Ear Shape,,
221,Bust Size,,
222,Tail Length,,
223,Tail Shape,,
224,,,
225,Tail Length,,
226,Tail Shape,,
227,Bust Size,,
228,Muscle Tone,,
229,,,
230,,,
231,Muscle Tone,,
232,,,
233,Bust Size,,
234,Hairstyle,,
235,Hair Features,,
236,Hair Color,,
237,Highlights,,
238,Face,,
239,Facial Features,,
240,Facial Feature Color,,
241,Jaw,,
242,Eyebrows,,
243,Eye Shape,,
244,Iris Size,,
245,Eye Color,,
246,Nose,,
247,Mouth,,
248,Lip Color,,
249,Face Paint,,
250,Face Paint Color,,
251,OK,,
252,Face,,
253,Tail Length,,
254,Tail Shape,,
255,,,
256,Tail Length,,
257,Tail Shape,,
258,Bust Size,,
259,,,
260,,,
261,,,
262,,,
263,,,
264,,,
265,Short,,
266,Short,,
267,Average,,
268,Tall,,
269,Tall,,
270,Approximately <hex:022003E80203>.<hex:022003E80303> <hex:020811E1E80401FF07>inches<hex:FF03>cm<hex:03>,,
271,,,
272,,,
273,,,
274,,,
275,Type 1,,
276,Type 2,,
277,Type 3,,
278,Type 4,,
279,Type 5,,
280,Type 6,,
281,Type 7,,
282,Type 8,,
283,Type 9,,
284,Type 10,,
285,Type 11,,
286,Type 12,,
287,,,
288,,,
289,,,
290,Smooth,,
291,Smooth,,
292,Average,,
293,Chiseled,,
294,Chiseled,,
295,,,
296,,,
297,,,
298,,,
299,,,
300,,,
301,,,
302,,,
303,,,
304,,,
305,Smooth,,
306,Smooth,,
307,Average,,
308,Chiseled,,
309,Chiseled,,
310,,,
311,,,
312,,,
313,,,
314,,,
315,Small,,
316,Small,,
317,Average,,
318,Large,,
319,Large,,
320,Short,,
321,Short,,
322,Average,,
323,Long,,
324,Long,,
325,Type 1,,
326,Type 2,,
327,Type 3,,
328,Type 4,,
329,,,
330,,,
331,,,
332,,,
333,,,
334,,,
335,Short,,
336,Short,,
337,Average,,
338,Long,,
339,Long,,
340,Type 1,,
341,Type 2,,
342,Type 3,,
343,Type 4,,
344,,,
345,Small,,
346,Small,,
347,Average,,
348,Large,,
349,Large,,
350,Short,,
351,Short,,
352,Average,,
353,Long,,
354,Long,,
355,Type 1,,
356,Type 2,,
357,Type 3,,
358,Type 4,,
359,,,
360,,,
361,,,
362,,,
363,,,
364,,,
365,Short,,
366,Short,,
367,Average,,
368,Long,,
369,Long,,
370,Type 1,,
371,Type 2,,
372,Type 3,,
373,Type 4,,
374,,,
375,Small,,
376,Small,,
377,Average,,
378,Large,,
379,Large,,
380,Short,,
381,Short,,
382,Average,,
383,Long,,
384,Long,,
385,Type 1,,
386,Type 2,,
387,Type 3,,
388,Type 4,,
389,,,
390,,,
391,,,
392,,,
393,,,
394,,,
395,Short,,
396,Short,,
397,Average,,
398,Long,,
399,Long,,
400,Type 1,,
401,Type 2,,
402,Type 3,,
403,Type 4,,
404,,,
405,Small,,
406,Small,,
407,Average,,
408,Large,,
409,Large,,
410,Smooth,,
411,Smooth,,
412,Average,,
413,Chiseled,,
414,Chiseled,,
415,,,
416,,,
417,,,
418,,,
419,,,
420,,,
421,,,
422,,,
423,,,
424,,,
425,Smooth,,
426,Smooth,,
427,Average,,
428,Chiseled,,
429,Chiseled,,
430,,,
431,,,
432,,,
433,,,
434,,,
435,Small,,
436,Small,,
437,Average,,
438,Large,,
439,Large,,
440,,,
441,,,
442,,,
443,,,
444,,,
445,Disciples of War,,
446,,,
447,Disciples of Magic,,
448,,,
449,,,
450,,,
451,,,
452,,,
453,,,
454,,,
455,,,
456,,,
457,,,
458,Hrothgar<hex:02090FE802FF04> ©<hex:FF04> ®<hex:FF01><hex:03>,,"Hailing from the distant shores of Ilsabard, the Hrothgar are a burly
people of lionlike appearance—or the males are, at least. Females
number staggeringly few among their population, and thus are
rarely so much as glimpsed by the other races.

The Hrothgar's imposing countenance─mitigated not at all by their
sharp claws and still sharper fangs—incited panic amongst
Eorzeans upon their arrival. As they were also unable to
communicate, initial interactions with the commonfolk often
escalated into conflict. It was not until the Hrothgar gained mastery
of the common tongue that fears were allayed, and in time they
would be as neighbors, welcome in all corners of the realm."
459,,,
460,Viera<hex:02090FE802FF04> ©<hex:FF04> ®<hex:FF01><hex:03>,,"Of tall stature and slender frame, the Viera's physical appearance is
strikingly similar to that of the Hyur and Elezen, save for their
distinctive long ears. Adhering to a strict code known as the Green
Word, they are prohibited from contact with the outside world under
threat of exile. Their society is purely matriarchal, and males of age
are seldom, if ever, found within the bounds of any village. They
instead serve as protectors of the wood from the shadows, that no
evil may ever encroach on their sacred lands."
461,,,
462,Helions,,"Helions have traditionally been content to reside in southern Ilsabard
with their respective tribes, devout servants to their queens,
one and all—and thus have they only but recently begun to make
their presence felt throughout the remainder of the three continents.
Though these Hrothgar initially had no word to describe themselves,
scholars came to call them ""Helions"" after observing how their lives
all but revolved about their queen's needs, as planets circle the sun."
463,,,
464,The Lost,,"Unlike their Helion brethren, the Lost are unbound by the whims of any
reigning monarch, having long since found themselves bereft of the
warm radiance of their queen. Most find that a nomadic lifestyle
best suits their situation, and are known to ply a variety of trades
that align with their propensity to travel—seasonal laborer,
mercenary, and peddler among them."
465,,,
466,Rava,,"Viera of the Rava clan live primarily in the Golmore Jungle, their
umber skin allowing them to readily blend in with their surroundings.
Though the males stand as wards of the forest, the females are
adept hunters and protectors in their own right, fiercely guarding their homes and
their young. Despite attempts by the Dalmascans to subjugate
them, they have ever maintained a self-governing dominion. Though
most would adhere to the traditions of the wood, some few have
chosen to venture out into the world."
467,,,
468,Veena,,"With skin as fair as the snowcapped mountains towering above, the
Veena clan make their homes in the forests lining the southwestern
foothills of the Skatay Range. Like the members of their sister clan,
the Veena live as hunters and gatherers, laboring not only to protect
the woods, but to nurture them. As the winds of war swept up a
number of those who left their mountain homes, many such
hardened hunters chose to set out for the distant shores of Eorzea."
469,,,
470,,,
471,"Halone, mover of glaciers and goddess of war, is the<hex:02100103>guardian deity of Ishgard. She commands the element of<hex:02100103>ice and is associated with the first moon of the Eorzean<hex:02100103>calendar. Halone is the daughter of Rhalgr, and a bitter<hex:02100103>rival of Nophica. She is most often depicted as a<hex:02100103>relentless warrioress armed with a bronze greatshield.<hex:02100103>Her symbol is the three spears.",,
472,"Menphina is keeper of the moon and the goddess of love.<hex:02100103>She commands the element of ice and is associated with<hex:02100103>the second moon of the Eorzean calendar. Menphina is the<hex:02100103>sister of Azeyma, and the divine lover of Oschon. She is<hex:02100103>most often depicted as a maid carrying a round skillet.<hex:02100103>Her symbol is the full moon.",,
473,"Thaliak, ruler of rivers and wisdom, and god of knowledge,<hex:02100103>is the guardian deity of Sharlayan. He commands the<hex:02100103>element of water and is associated with the third moon<hex:02100103>of the Eorzean calendar. Thaliak is the father of Llymlaen,<hex:02100103>and the teacher of Byregot. He is most often depicted as a<hex:02100103>reserved scholar holding an ashen staff. His symbol is the scroll.",,
474,"Nymeia is the watcher of celestial bodies and goddess<hex:02100103>of fate. She commands the element of water and is<hex:02100103>associated with the fourth moon of the Eorzean calendar.<hex:02100103>Nymeia is the younger sister of Althyk, and master of<hex:02100103>Rhalgr. She is most often depicted as a weaver donning<hex:02100103>a white silken veil. Her symbol is the spinning wheel.",,
475,"Llymlaen, watcher of the seas and goddess of navigation,<hex:02100103>is the guardian deity of Limsa Lominsa. She commands<hex:02100103>the element of wind and is associated with the fifth<hex:02100103>moon of the Eorzean calendar. Llymlaen is the daughter<hex:02100103>of Thaliak, and the elder sister of Nophica. She is most<hex:02100103>often depicted as a strong fisherwoman wielding a<hex:02100103>long-bladed harpoon. Her symbol is the wave.",,
476,"Oschon is ruler of the mountains and god of travelers<hex:02100103>and vagrants. He commands the element of wind and is<hex:02100103>associated with the sixth moon of the Eorzean calendar.<hex:02100103>Oschon is the brother of Nald'thal, and the close<hex:02100103>companion of Halone. He is most often depicted as a<hex:02100103>carefree ranger wielding a bow of yew. His symbol is<hex:02100103>the walking stick.",,
477,"Byregot is the purveyor of architecture and industry,<hex:02100103>and god of the arts. He commands the element of<hex:02100103>lightning and is associated with the seventh moon of<hex:02100103>the Eorzean calendar. Byregot is the elder brother of<hex:02100103>Halone, and pupil of Thaliak. He is most often depicted<hex:02100103>as an ardent smith with a two-headed hammer.<hex:02100103>His symbol is the hand.",,
478,"Rhalgr, breaker of worlds, is the god of destruction<hex:02100103>and guardian deity of the now-fallen nation of Ala Mhigo.<hex:02100103>He commands the element of lightning and is associated<hex:02100103>with the eighth moon of the Eorzean calendar. Rhalgr is<hex:02100103>the father of both Byregot and Halone, and serves as<hex:02100103>attendant to Nymeia. He is most often depicted as a<hex:02100103>magus carrying a staff of bronze. His symbol is the<hex:02100103>streaking meteor.",,
479,"Azeyma is keeper of the sun and goddess of inquiry.<hex:02100103>She commands the element of fire and is associated<hex:02100103>with the ninth moon of the Eorzean calendar. Azeyma<hex:02100103>is the daughter of Althyk, and the elder sister of<hex:02100103>Menphina. She is most often depicted as a noble lady<hex:02100103>holding a golden fan. Her symbol is the radiant sun.",,
480,"Nald'thal, overseer of the underworld and god of<hex:02100103>commerce, is the guardian deity of Ul'dah. He<hex:02100103>commands the element of fire and is associated<hex:02100103>with the tenth moon of the Eorzean calendar.<hex:02100103>Nald'thal is the single manifestation of the deific<hex:02100103>twins Nald and Thal. He is most often depicted<hex:02100103>as a discerning merchant holding a balance.<hex:02100103>His symbol is the cowry, an ancient shell currency.",,
481,"Nophica, tender of soils and harvests, and goddess<hex:02100103>of abundance, is the guardian deity of Gridania.<hex:02100103>She commands the element of earth and is<hex:02100103>associated with the eleventh moon of the Eorzean<hex:02100103>calendar. Nophica is the daughter of Azeyma, and<hex:02100103>the younger sister of Llymlaen. She is most often<hex:02100103>depicted as a jubilant farmer holding a scythe of<hex:02100103>steel. Her symbol is the spring leaf.",,
482,"Althyk is the surveyor of change and space,<hex:02100103>and god of time. He commands the element of<hex:02100103>earth and is associated with the twelfth moon of<hex:02100103>the Eorzean calendar. Althyk is the father of<hex:02100103>Azeyma and Menphina, and elder brother to<hex:02100103>Nymeia. He is most often depicted as an<hex:02100103>austere emperor wielding a mythril greataxe.<hex:02100103>His symbol is the hourglass.",,
483,,,
484,,,
485,,,
486,,,
487,,,
488,,,
489,,,
490,,,
491,,,
492,,,
493,,,
494,,,
495,,,
496,,,
497,,,
498,,,
499,,,
500,Character Creation,,
501,,,
502,Viper,,
503,,,
504,Gear,,
505,Create Character,,
506,Confirm,,
507,Return,,
508,,,
509,,,
510,Pre-made (Midlander ♂),,
511,Save Slot <hex:022003E80203>: <hex:020929E804FF12><hex:02280BFF06>Tribe<hex:E8030103>♂<hex:FF12><hex:02280BFF06>Tribe<hex:E8030203>♀<hex:03>,,
512,This character was designed specially for the benchmark and his gear cannot be changed.,,
513,There are no comments.,,
514,,,
515,,,
516,,,
517,,,
518,,,
519,,,
520,,,
521,,,
522,,,
523,,,
524,,,
525,,,
526,,,
527,,,
528,,,
529,,,
530,,,
531,Gladiator (Ul'dah),,
532,Pugilist (Ul'dah),,
533,Marauder (Limsa Lominsa),,
534,Lancer (Gridania),,
535,Archer (Gridania),,
536,Conjurer (Gridania),,
537,Thaumaturge (Ul'dah),,
538,Arcanist (Limsa Lominsa),,
539,,,
540,Short,,
541,Short,,
542,Average,,
543,Long,,
544,Long,,
545,Type 1,,
546,Type 2,,
547,Type 3,,
548,Type 4,,
549,,,
550,,,
551,,,
552,,,
553,,,
554,,,
555,Short,,
556,Short,,
557,Average,,
558,Long,,
559,Long,,
560,Type 1,,
561,Type 2,,
562,Type 3,,
563,Type 4,,
564,,,
565,Small,,
566,Small,,
567,Average,,
568,Large,,
569,Large,,
570,,,
571,,,
572,,,
573,,,
574,,,
575,,,
576,,,
577,,,
578,,,
579,,,
580,,,
581,,,
582,,,
583,,,
584,,,
585,,,
586,,,
587,,,
588,,,
589,,,
590,,,
591,,,
592,,,
593,,,
594,,,
595,,,
596,,,
597,,,
598,,,
599,,,
600,<hex:021E021803> Rotate Camera <hex:021E021503> Rotate Background <hex:021E020D03>+<hex:021E021903> Zoom <hex:0212021403> Reverse Camera,LOBBY_PAD_GUIDE_CENTER_CAMERA,
601,<hex:0212021303>,LOBBY_PAD_GUIDE_RETURN,
602,<hex:021E021803> Rotate Camera <hex:021E021503> Rotate Background <hex:021E020D03>+<hex:021E021903> Zoom <hex:021E020D03>+<hex:021E021603> Tilt Camera <hex:0212021403> Reverse Camera,MAKE_PAD_GUIDE_CENTER_CAMERA,
603,<hex:0212021303>,MAKE_PAD_GUIDE_RETURN,
604,<hex:0212021103>,MAKE_PAD_GUIDE_POSE,
605,<hex:0212021203>,MAKE_PAD_GUIDE_ATTIRE,
606,<hex:021E020F03>,MAKE_PAD_GUIDE_BG_L,
607,<hex:021E021003>,MAKE_PAD_GUIDE_BG_R,
608,<hex:0212020C03>,MAKE_PAD_GUIDE_TIME,
609,<hex:0212020B03>,MAKE_PAD_GUIDE_CONFIG,
610,<hex:021E020C03> Keyboard,,
611,<hex:021E020B03> Subcommands,,
612,Rotate Camera Rotate Background Zoom,,
613,Rotate Camera Rotate Background Zoom Tilt Camera,,
614,,,
615,Days of Play Time Remaining: <hex:022003E80203>,,
616,Veteran Reward Rank: <hex:020813E1E80201FF07><hex:022003E80203><hex:FF05>None<hex:03>,,
617,Total Days Subscribed: <hex:022206E802FF022C03><hex:02082CE4E80301FF01><hex:FF24><hex:02100103>Days Until Next Rank: <hex:022206E803FF022C03><hex:03>,,
618,You have <hex:022003E80203> <hex:020810E4E80202FF04>day<hex:FF05>days<hex:03> of play time remaining. Proceed to the Mog Station (https://sqex.to/Msp) to renew.,,
619,You have <hex:022003E80203> <hex:020810E4E80202FF04>day<hex:FF05>days<hex:03> left on your free trial. Proceed to <hex:020869E4E94C01FF33>the Square Enix Online Store (https://sqex.to/Msp)<hex:FF2F><hex:02082BE4E94F64FF14>PlayStation™Store<hex:FF10>Microsoft Store<hex:03><hex:03> to purchase the full version of FINAL FANTASY XIV and unlock all the game's features.,,
620,,,
621,Finalize your retainer's appearance?,,
622,Cancel retainer customization.,,
623,Cancel retainer customization?,,
624,,,
625,Cancel character customization and discard changes?,,
626,Finalize your character's appearance?,,
627,Revert to your character's current appearance?,,
628,,,
629,Log in with <hex:022903EA0203>?<hex:02100103><hex:024804F201FA03><hex:024904F201FB03>※Cancel and access the subcommand menu to re-edit your character.<hex:0249020103><hex:0248020103>,,
630,"You are granted one opportunity to edit your character's race, tribe, gender, and appearance.",,
631,"Are you certain you wish to alter your character's appearance?<hex:02100103><hex:024804F201FA03><hex:024904F201FB03>※Aesthetician-exclusive hairstyles or face paint patterns will be unavailable.<hex:02100103>※Depending on the race selected, certain hairstyles and helmets will be unavailable. <hex:02100103>※You may log in with this character as is.<hex:0249020103><hex:0248020103>",,
632,"To re-edit your character's appearance, you must first log in and remove all your equipment. Return to the login screen when ready.",,
633,"Are you satisfied with the changes?<hex:02100103><hex:024804F201FA03><hex:024904F201FB03>※Depending on your selected race, certain hairstyles may be unavailable. <hex:0249020103><hex:0248020103>",,
634,Cancel appearance customization?,,
635,,,
636, Pin Hairstyle,,
637,<hex:021E020E03> Pin Hairstyle,,
638,Show Only Pinned Hairstyles,,
639,Requires <hex:02310CFF05>Item<hex:02E802020203> to unlock this hairstyle at the aesthetician.,,
640,Requires <hex:02310CFF05>Item<hex:02E802020203> or completion of the seasonal quest “For the Winsome” to unlock this hairstyle at the aesthetician.,,
641,Hairstyle available in preparation for the Ceremony of Eternal Bonding.,,
642,Requires <hex:02310CFF05>Item<hex:02E802020203> or completion of the All Saints' Wake seasonal quests from “Affright and Delight” through “Yes We Cant” to unlock this face paint at the aesthetician.,,
643,Requires <hex:02310CFF05>Item<hex:02E802020203> to unlock this face paint at the aesthetician.,,
644,,,
645,,,
646,,,
647,,,
648,,,
649,,,
650,,,
651,,,
652,,,
653,,,
654,,,
655,,,
656,,,
657,,,
658,,,
659,,,
660,,,
661,,,
662,,,
663,,,
664,,,
665,,,
666,,,
667,,,
668,,,
669,,,
670,,,
671,,,
672,,,
673,,,
674,,,
675,,,
676,,,
677,,,
678,,,
679,,,
680,Job-specific Gear (Level 90),,
681,Race-specific Gear,,
682,Job-specific Gear (Level 50),,
683,Job-specific Gear (Level 60),,
684,Job-specific Gear (Level 70),,
685,Job-specific Gear (Level 80),,
686,Dreadwyrm Gear,,
687,Ironworks Gear,,
688,Lynxliege Gear,,
689,Alexandrian Gear,,
690,Behemoth King Gear,,
691,Storm Elite Gear,,
692,Serpent Elite Gear,,
693,Flame Elite Gear,,
694,Omega Gear,,
695,Genji Gear,,
696,Hellhound Gear,,
697,Dwarven Gear,,
698,Edenmorn Gear,,
699,Legacy Gear,,
700,Wild Rose Attire,,
701,Strife Attire,,
702,Leonheart Attire,,
703,Tantalus Attire,,
704,Abes/High Summoner Attire,,
705,Snow's/Lightning's Attire,,
706,Sharlayan Prodigy's Suit,,
707,Lucian Prince's Attire,,
708,Swine Suit,,
709,,,
710,,,
711,,,
712,,,
713,,,
714,,,
715,,,
716,,,
717,,,
718,,,
719,,,
720,,,
721,,,
722,,,
723,,,
724,,,
725,,,
726,,,
727,,,
728,,,
729,,,
730,,,
731,,,
732,,,
733,,,
734,,,
735,,,
736,,,
737,,,
738,,,
739,,,
740,,,
741,,,
742,,,
743,,,
744,,,
745,,,
746,,,
747,,,
748,,,
749,,,
750,,,
751,,,
752,,,
753,,,
754,,,
755,,,
756,,,
757,,,
758,,,
759,,,
760,,,
761,,,
762,,,
763,,,
764,,,
765,,,
766,,,
767,,,
768,,,
769,,,
770,,,
771,,,
772,,,
773,,,
774,,,
775,,,
776,,,
777,,,
778,,,
779,,,
780,,,
781,,,
782,,,
783,,,
784,,,
785,,,
786,,,
787,,,
788,,,
789,,,
790,,,
791,,,
792,,,
793,,,
794,,,
795,,,
796,,,
797,,,
798,,,
799,,,
800,Data Center Selection,,
801,,,
802,Data Center,,
803,Information,,
804,Worlds,,
805,<hex:020928E802FF05>JP 1<hex:FF05>JP 2<hex:FF05>JP 3<hex:FF08>DC NA 1<hex:FF05>NA 2<hex:FF03>EU<hex:03>,,
806,"FINAL FANTASY XIV requires connecting to one of several data centers to play. The closer your physical location to the data center, the smoother gameplay will be.<hex:02100103><hex:02100103><hex:0208F202A7E1E80201FFF20216>The center you have selected is recommended for residents of <hex:02093DE802FF06>Japan<hex:FF0E>North America<hex:FF07>Europe<hex:FF08>Oceania<hex:FF01><hex:FF01><hex:FF0E>North America<hex:03>. Select if you wish to create a character and play in one of the Worlds listed.<hex:02100103><hex:02088BE4E80208FF83><hex:024804F2023703><hex:024904F2023803>This data center is for cloud stress testing only. No connections can be made outside the test period.<hex:0249020103><hex:0248020103><hex:02100103><hex:FF01><hex:03><hex:02100103>Each data center contains several unique Worlds (servers). If you have already decided which World on which you are going to play, you should select the corresponding data center.<hex:FF88>First choose your region, and then select your data center. All data centers within the same region offer the same quality of gameplay.<hex:03>",,
807,<hex:022903EA0203><hex:020951E803FF01><hex:FF0A> (Legacy)<hex:FF06> (NA)<hex:FF0D> (NA Legacy)<hex:FF06> (EU)<hex:FF0D> (EU Legacy)<hex:FF06> (OC)<hex:FF0D> (OC Legacy)<hex:FF01><hex:03>,,
808,Connecting to data center.,,
809,Acquiring character list.,,
810,Proceed,,
811,Cancel,,
812,Japanese Data Centers,,
813,North American Data Centers,,
814,European Data Centers,,
815,Oceanian Data Center,,
816,NA Cloud Data Center (Beta),,
817,,,
818,,,
819,,,
820,"“World” is another name for the server on which your character will reside.<hex:02100103>Once you have chosen a Home World, chances to move to another will be limited,<hex:02100103>so if you have made plans to play FINAL FANTASY XIV with friends, make<hex:02100103>certain that you all select the same one.<hex:02100103><hex:02100103>Worlds are divided between nine different data centers based on the location of<hex:02100103>their servers. To ensure you encounter the fewest number of latency issues,<hex:02100103>it is recommended, but not required, that you select a data center that is<hex:02100103>closer to where you will be playing. Legacy Worlds (servers existing since the<hex:02100103>original launch) are indicated in parentheses.<hex:02100103><hex:02100103><hex:02282CFF11>WorldDCGroupType<hex:E802FF16>WORLDDCGROUPTYPE_NAME<hex:03>, this World's data center, is recommended for residents of <hex:020849E1E80401FF41><hex:02093DE804FF06>Japan<hex:FF0E>North America<hex:FF07>Europe<hex:FF08>Oceania<hex:FF01><hex:FF01><hex:FF0E>North America<hex:03><hex:FF01><hex:03>.<hex:02088BE4E80408FF83><hex:024804F2023703><hex:024904F2023803>This data center is for cloud stress testing only. No connections can be made outside the test period.<hex:02100103><hex:0249020103><hex:0248020103><hex:FF01><hex:03><hex:020882E4E80302FF7A><hex:02100103><hex:02100103><hex:0212026403><hex:024804F201FA03><hex:024904F201FB03>EXP bonuses are currently being granted to all new players<hex:02100103>created on this world.<hex:0249020103><hex:0248020103><hex:FF01><hex:03><hex:0208F20142E4E80303FFF20138><hex:02100103><hex:02100103><hex:024804F201FE03><hex:024904F201FF03>The creation of characters on this World is currently restricted. You must<hex:02100103>either wait for this restriction to be lifted, or create a character on another<hex:02100103>World. In the event you create a character on another World, you may use the<hex:02100103>World Visit system to play on this one.<hex:0249020103><hex:0248020103><hex:FF01><hex:03>",,
821,(Skipped),,
822,Save <hex:02092FE803FF14><hex:02280BFF06>Tribe<hex:E8020103> male<hex:FF16><hex:02280BFF06>Tribe<hex:E8020203> female<hex:03> character creation data to slot <hex:022003E80403>?,,
823,Load character creation data for the <hex:02092FE805FF14>male <hex:02280BFF06>Tribe<hex:E8040103><hex:FF16>female <hex:02280BFF06>Tribe<hex:E8040203><hex:03> saved to slot <hex:022003E80303> at <hex:020703E80203><hex:022002DB03>:<hex:022402DA03> on <hex:02082BE4E94E04FF12><hex:022002DC03>/<hex:022002DE03>/<hex:022002DF03><hex:FF12><hex:022002DE03>/<hex:022002DC03>/<hex:022002DF03><hex:03>?,,
824,Saved appearance data found in the FINAL FANTASY XIV folder. Select data to load and continue to the final step.,,
825,Character creation data saved. Please wait until patch data download is complete. Finishing character creation will return you to the launcher.,,
826,Character creation data saved. Please wait until patch data download is complete. Finishing character creation will return you to the launcher.,,
827,Character creation data saved. Please close the application and return to the launcher.,,
828,Character creation data saved. Please close the application and restart FINAL FANTASY XIV.,,
829,Edit,,
830,Character Creation Ver. 4.0,,
831,Save character creation data?,,
832,Load saved character creation data?,,
833,FINAL FANTASY XIV has been updated. Ending character creation will return you to the launcher.,,
834,A launcher error has been occurred. Close application after finishing character creation.,,
835,,,
836,Feature not yet available on PlayStation®4.,,
837,<hex:02100103>(Source),,
838,<hex:02100103>(Target),,
839,<hex:021E020603> Scroll,,
840,Back Up Client Settings,,
841,Back Up Character Settings,,
842,Back Up Character Settings,,
843,Client Settings Backup,,
844,Character Settings Backup,,
845,Client Settings Data,,
846,Character Settings Data,,
847,Download,,
848,Upload,,
849,,,
850,,,
851,"Save a backup of local system settings for UI, sound, user macros, and more to the server.<hex:02100103>※Display resolution, graphics quality, input device, and other settings dependent on current play environment will not be saved.",,
852,"Save a backup of local character settings, HUD layout, hotbars, gear sets, and more to the server.<hex:02100103>※Item sort settings and inventory location data will not be saved.<hex:020847E4E94F64FF3F><hex:02100103>※Only HUD size and layout will be saved for remote play.<hex:FF01><hex:03>",,
853,,,
854,,,
855,This feature is unavailable on the free trial.,,
856,The server is experiencing unusually heavy traffic. Please try again later.,,
857,Download,,
858,Upload,,
859,Server Backup,,
860,Client Data,,
861,Save <hex:024804F2023703><hex:024904F2023803>Client Settings<hex:0249020103><hex:0248020103> to the server.<hex:02100103>※Server data will only be overwritten if more than 23 hours have passed since last upload.,,
862,Save selected <hex:024804F2023903><hex:024904F2023A03>Character Settings<hex:0249020103><hex:0248020103> to the server.<hex:02100103>※Server data will only be overwritten if more than 23 hours have passed since last upload.,,
863,Download previously saved <hex:024804F2023703><hex:024904F2023803>Client Settings<hex:0249020103><hex:0248020103> from the server and apply them to the current play environment.,,
864,Download previously saved <hex:024804F2023903><hex:024904F2023A03>Character Settings<hex:0249020103><hex:0248020103> from the server and apply them to the selected character.,,
865,Select data from another character.,,
866,Selected Character,,
867,Recently Backed Up Characters (Same DC Only),,
868,No Data,,
869,Backup Date: <hex:020703E80203><hex:022002DE03>/<hex:022002DC03>/<hex:022002DF03> <hex:022002DB03>:<hex:022402DA03>,,
870,[<hex:02091DE802FF04>Win<hex:FF04>PS4<hex:FF04>Mac<hex:FF04>PS5<hex:FF05>Xbox<hex:03>],,
871,Ready to create backup.,,
872,Ready to download.,,
873,Apply <hex:024804F2023903><hex:024904F2023A03>Character Settings<hex:0249020103><hex:0248020103> for a different character.,,
874,This data has already been uploaded.,,
875,You have recently uploaded backup data.<hex:02100103>You cannot upload data again until <hex:020703E80203><hex:022002DE03>/<hex:022002DC03>/<hex:022002DF03> (<hex:022002DB03>:<hex:022402DA03>),,
876,There is no backup data for <hex:024804F2023703><hex:024904F2023803>Client Settings<hex:0249020103><hex:0248020103>.,,
877,There is no backup data for the character selected.,,
878,Data consists only of default settings.,,
879,Unable to upload backup data at this time.,,
880,Backup features are currently unavailable.,,
881,Apply Character Settings for <hex:022903EA0403><hex:0212025903><hex:022903EA0503> to <hex:022903EA0203><hex:0212025903><hex:022903EA0303>?,,
882,No other <hex:024804F2023903><hex:024904F2023A03>Character Settings<hex:0249020103><hex:0248020103> exist.,,
883,Search,,
884,Data Ready,,
885,Preparing data...,,
886,Downloading backup data...,,
887,Uploading backup data...,,
888,<hex:024804F2023703><hex:024904F2023803>Client Settings<hex:0249020103><hex:0248020103> successfully applied.<hex:02100103>※Certain changes will only be reflected upon restarting the client.,,
889,<hex:024804F2023703><hex:024904F2023803>Client Settings<hex:0249020103><hex:0248020103> data saved to the server.,,
890,Character Settings successfully applied to <hex:022903EA0203><hex:0212025903><hex:022903EA0303>.,,
891,Character Settings for <hex:022903EA0203><hex:0212025903><hex:022903EA0303> successfully uploaded to the server.,,
892,Insufficient settings data. Unable to perform backup.<hex:02100103>Log in with the character and try again.<hex:02100103>(<hex:022003E80203>),,
893,Settings data is corrupted. Unable to perform backup.<hex:02100103>Log in with the character and try again.<hex:02100103>(<hex:022003E80203>),,
894,Unable to create backup data.<hex:02100103>Log in with the character and then try again.<hex:02100103>(<hex:022003E80203>),,
895,Unable to upload backup data.<hex:02100103>Log in to confirm that character data is not corrupted then attempt upload again later.<hex:02100103>(<hex:022003E80203>),,
896,Unable to upload backup data.<hex:02100103>Log in to confirm that character data is not corrupted then attempt upload again later.<hex:02100103>(<hex:022003E80203>),,
897,Unable to apply backup data.<hex:02100103>There is not enough disk space available.<hex:02100103>(<hex:022003E80203>),,
898,An error has occurred.<hex:02100103>Please try again later.<hex:02100103>(<hex:022003E80203>),,
899,Canceling download. Existing data and backup data are identical.,,
900,"Saves UI size, frame rate limit, and other display settings.<hex:02100103>※Resolution and other graphical settings dependent on current play environment will not be saved.",Display,
901,"Saves volume, mute, and other sound settings.",Sound,
902,Saves <hex:02084DE4E94C01FF12>mouse and gamepad<hex:FF34><hex:020826E4E94F64FF14>wireless controller<hex:FF0B>controller<hex:03> and mouse<hex:03> settings.<hex:02100103>※Input device information will not be saved.,Input Device,
903,Saves your preferred color scheme.,Theme Settings,
904,Saves movie/cutscene voice settings.<hex:02100103>※Settings dependent on current play environment will not be saved.,Others,
905,Saves visual alert and color filtering settings.<hex:020893E4E94C01FF01><hex:FF8B><hex:02100103>※Not applicable to <hex:02086DE1E94C01FF65><hex:020961E94CFF0F>PlayStation®3<hex:FF0F>PlayStation®4<hex:FF0F>PlayStation®4<hex:FF0F>PlayStation®5<hex:FF0E>Xbox Series X<hex:FF0E>Xbox Series S<hex:03><hex:FF01><hex:03>.<hex:03>,Accessibility,
906,Saves shared macros.<hex:02100103>※Individual macros are saved by backing up <hex:024804F2023903><hex:024904F2023A03>Character Settings<hex:0249020103><hex:0248020103>.,Shared Macros,
907,,,
908,,,
909,,,
910,,,
911,,,
912,,,
913,,,
914,,,
915,,,
916,,,
917,,,
918,,,
919,,,
920,Saves <hex:02082EE1E94C01FF15>controller and mouse<hex:FF12>gamepad and mouse<hex:03> mode settings.,Character Config,
921,Saves HUD layout and size settings.,HUD Layout,
922,Saves hotbar/cross hotbar settings for all classes and jobs.,Hotbars,
923,Saves gear sets.,Gear Sets,
924,Saves shortcut key settings.,Key Bindings,
925,Saves chat log filter settings.,Log Filters,
926,Saves individual character macros.<hex:02100103>※Shared macros are saved by backing up <hex:024804F2023703><hex:024904F2023803>Client Settings<hex:0249020103><hex:0248020103>.,Individual Macros,
927,Saves Triple Triad and Lord of Verminion settings.,Others,
928,Saves friend list group names and contact list.,Social,
929,,,
930,,,
931,,,
932,,,
933,,,
934,,,
935,,,
936,,,
937,,,
938,,,
939,,,
940,Restore,,
941,Restore <hex:020817E4E94C01FF07>Macros<hex:FF09>Settings<hex:03>,,
942,Restore Settings,,
943,Restore <hex:020825E4E94C01FF0E>Shared Macros<hex:FF10>Client Settings<hex:03>,,
944,,,
945,<hex:020831E4E94C01FF29>Up to 100 shared macros can be restored.<hex:FF01><hex:03>,,
946,"If a problem occurred applying <hex:024804F2023703><hex:024904F2023803>Client Settings<hex:0249020103><hex:0248020103>, you can use this feature to restore your <hex:020816E4E94C01FF0E>shared macro <hex:FF01><hex:03>settings to those automatically recorded at a previous date.",,
947,Settings are automatically saved each time you download and apply new data (up to 10 instances).<hex:02100103>No data currently exists.,,
948,Automatic Backup: <hex:020703E80203><hex:022002DE03>/<hex:022002DC03>/<hex:022002DF03> <hex:022002DB03>:<hex:022402DA03>,,
949,Restore Character Settings,,
950,,,
951,,,
952,"If a problem occurred applying <hex:024804F2023903><hex:024904F2023A03>Character Settings<hex:0249020103><hex:0248020103>, you can use this feature to restore your settings to those automatically recorded at a previous date.",,
953,Settings are automatically saved each time you download and apply new data (up to 10 instances).<hex:02100103>No data currently exists.,,
954,Restore <hex:020829E4E94C01FF12>shared macro data<hex:FF10>Client Settings<hex:03> for <hex:020703E80203><hex:022002DE03>/<hex:022002DC03>/<hex:022002DF03> <hex:022002DB03>:<hex:022402DA03>?,,
955,Restore <hex:024804F2023903><hex:024904F2023A03>Character Settings<hex:0249020103><hex:0248020103> for <hex:020703E80203><hex:022002DE03>/<hex:022002DC03>/<hex:022002DF03> <hex:022002DB03>:<hex:022402DA03>?,,
956,<hex:020825E4E94C01FF0E>Shared macros<hex:FF10>Client Settings<hex:03> successfully restored.,,
957,Unable to restore <hex:020825E4E94C01FF0E>shared macros<hex:FF10>Client Settings<hex:03>.,,
958,<hex:024804F2023903><hex:024904F2023A03>Character Settings<hex:0249020103><hex:0248020103> successfully restored.,,
959,Unable to restore <hex:024804F2023903><hex:024904F2023A03>Character Settings<hex:0249020103><hex:0248020103>.,,
960,Unable to download data. Backup file may be missing or corrupted.,,
961,Corrupted,,
962,"This feature allows you to save backups of your Client and Character Configuration Settings to the FINAL FANTASY XIV servers, as well as import these backups to your <hex:020817E4E94C01FF09>hardware<hex:FF07>system<hex:03>, thereby allowing you to easily carry over your preferences to a different play environment.<hex:02100103><hex:02100103>It is strongly recommended that you save your data locally before attempting a backup or download.<hex:020886E4E94C01FF7E> In addition to manually backing up your data, please select the CONFIG option found in the launcher and use the Backup Tool.<hex:FF01><hex:03>",,
963,I understand.,,
964,Proceed,,
965,Return,,
966,Unable to retrieve file list.,,
967,Unable to retrieve file list.,,
968,Unable to retrieve data.,,
969,Unable to restore settings using specified data.,,
970,Unable to prepare data for restoration.,,
971,Unable to restore data.,,
972,Sharing backup settings data between Windows®/Mac® and PlayStation®4 play environments is currently resricted.,,
973,Searching for data...,,
974,Preparing download...,,
975,,,
976,,,
977,,,
978,,,
979,,,
980,,,
981,,,
982,,,
983,,,
984,,,
985,,,
986,,,
987,,,
988,,,
989,,,
990,,,
991,,,
992,,,
993,,,
994,,,
995,,,
996,,,
997,,,
998,,,
999,,,
1000,Tail Length,,
1001,Tail Shape,,
1002,,,
1003,Short,,
1004,やや短め,,
1005,標準,,
1006,やや長め,,
1007,Long,,
1008,タイプ1,,
1009,タイプ2,,
1010,タイプ3,,
1011,タイプ4,,
1012,,,
1013,Fur Pattern,,
1014,Fur Color,,
1015,Ear Length,,
1016,Ear Shape,,
1017,Bust Size,,
1018,Short,,
1019,やや短め,,
1020,標準,,
1021,やや長め,,
1022,Long,,
1023,Type 1,,
1024,Type 2,,
1025,Type 3,,
1026,Type 4,,
1027,,,
1028,Small,,
1029,やや小さめ,,
1030,標準,,
1031,やや大きめ,,
1032,Large,,
1033,Ear Shape,,
1034,Ear Length,,
1035,Short,,
1036,Long,,
1037,,,
1038,,,
1039,,,
1040,,,
1041,,,
1042,,,
1043,,,
1044,,,
1045,,,
1046,,,
1047,,,
1048,,,
1049,,,
1050,Type 1,,
1051,Type 2,,
1052,Type 3,,
1053,Type 4,,
1054,,,
1055,Type 1,,
1056,Type 2,,
1057,Type 3,,
1058,Type 4,,
1059,Type 5,,
1060,Type 6,,
1061,,,
1062,,,
1063,,,
1064,,,
1065,Type 1,,
1066,Type 2,,
1067,Type 3,,
1068,Type 4,,
1069,Type 5,,
1070,Type 6,,
1071,,,
1072,,,
1073,,,
1074,,,
1075,Large,,
1076,Small,,
1077,,,
1078,,,
1079,,,
1080,Type 1,,
1081,Type 2,,
1082,Type 3,,
1083,Type 4,,
1084,Type 5,,
1085,Type 6,,
1086,,,
1087,,,
1088,,,
1089,,,
1090,Type 1,,
1091,Type 2,,
1092,Type 3,,
1093,Type 4,,
1094,,,
1095,,,
1096,,,
1097,,,
1098,,,
1099,,,
1100,Visit Another World Server,,
1101,"To avoid congested servers, you may temporarily transfer your character to a less-crowded World.<hex:02100103><hex:024804F2023703><hex:024904F2023803>• The destination World is chosen automatically.<hex:02100103>• Logging in will place your character at the aetheryte of your starting nation.<hex:0249020103><hex:0248020103><hex:02100103>Those unfamiliar with the World Visit system and its restrictions should refer to the explanation below.",,
1102,Using the World Visit System,,
1103,Close,,
1104,Visit Another World Server,,
1105,Cancel,,
1106,World Visit request accepted. Please wait until the transfer is complete.,,
1107,Unable to submit World Visit request at this time.,,
1108,Unable to visit other Worlds at this time. Please wait before attempting another transfer.,,
1109,"To visit other Worlds with this character, you must first select a different name using the Change Name subcommand.",,
1110,"To visit other Worlds with this character, you must first select a different retainer name using the Change Retainer Name subcommand.",,
1111,Character was logged out or disconnected mid-duty. Unable to process <hex:020828E1E80201FF15>Return to Home World<hex:FF0C>World Visit<hex:03> request.<hex:02100103>You must log in before a new request can be processed.,,
1112,Character has not completed the game's opening event. Unable to submit World Visit request.,,
1113,Character is currently imprisoned in the Mordion Gaol. <hex:020828E1E80201FF15>Return to Home World<hex:FF0C>World Visit<hex:03> request denied.,,
1114,World Visit system is temporarily unavailable.,,
1115,World Visit transfer failed. Please wait before submitting another transfer request via the subcommand.,,
1116,World Visit transfer successful. Login to <hex:022903EA0203> now available.,,
1117,Return to Home World,,
1118,<hex:021E021903> Scroll,,
1119,,,
1120,,,
1121,,,
1122,,,
1123,,,
1124,,,
1125,,,
1126,,,
1127,,,
1128,,,
1129,,,
1130,,,
1131,,,
1132,,,
1133,,,
1134,,,
1135,,,
1136,,,
1137,,,
1138,,,
1139,,,
1140,,,
1141,,,
1142,,,
1143,,,
1144,,,
1145,,,
1146,,,
1147,,,
1148,,,
1149,,,
1150,Visit Another Data Center,,
1151,Return to Home Data Center,,
1152,TRAVELED FROM,,
1153,TRAVELED TO,,
1154,<hex:022903EA0203> (<hex:022903EA0303>),,
1155,"The Data Center Travel system allows your character to visit Worlds in other data centers, where you can create parties with friends, trade items, challenge duties, and more.<hex:02100103><hex:02100103>※Certain features will be unavailable while visiting other data centers, including access to linkshell and free company chat channels affiliated with your Home Data Center.",,
1156,Using the Data Center Travel System,,
1157,注意事項について了承しました,,
1158,Select World,,
1159,Cancel,,
1160,,,
1161,Close,,
1162,Select the data center and World you wish to visit.<hex:02100103>Estimated Travel Time: <hex:0208A9E3E8023DFF13>Less than 1 minute<hex:FF8F><hex:02088BE3E802F2012CFF14>Less than 5 minutes<hex:FF6E><hex:02086AE3E802F20258FF15>Less than 10 minutes<hex:FF4C><hex:020848E3E802F204B0FF15>Less than 20 minutes<hex:FF2A>Unknown. Servers are currently congested.<hex:03><hex:03><hex:03><hex:03>,,
1163,Returning to Home Data Center and Home World.<hex:02100103>Estimated Travel Time: <hex:0208A9E3E8023DFF13>Less than 1 minute<hex:FF8F><hex:02088BE3E802F2012CFF14>Less than 5 minutes<hex:FF6E><hex:02086AE3E802F20258FF15>Less than 10 minutes<hex:FF4C><hex:020848E3E802F204B0FF15>Less than 20 minutes<hex:FF2A>Unknown. Servers are currently congested.<hex:03><hex:03><hex:03><hex:03>,,
1164,DATA CENTER,,
1165,WORLD,,
1166,Confirm,,
1167,Cancel,,
1168,❖<hex:022903EA0203>,,
1169,Retrieving World data...,,
1170,<hex:022903EA0203><hex:0212025903><hex:022903EA0303> will now be transported to <hex:022903EA0503> in the <hex:022903EA0403> data center.<hex:02100103>Estimated Travel Time: <hex:0208A9E3E8023DFF13>Less than 1 minute<hex:FF8F><hex:02088BE3E802F2012CFF14>Less than 5 minutes<hex:FF6E><hex:02086AE3E802F20258FF15>Less than 10 minutes<hex:FF4C><hex:020848E3E802F204B0FF15>Less than 20 minutes<hex:FF2A>Unknown. Servers are currently congested.<hex:03><hex:03><hex:03><hex:03><hex:02100103><hex:02100103><hex:024804F2023703><hex:024904F2023803>Please note the following:<hex:02100103>・This process may take several minutes to complete.<hex:02100103>・You will be unable to cancel this process while it is underway.<hex:02100103>・You will be unable to log in with a different character until this process has been completed.<hex:02100103><hex:02100103>※Travel times may take longer during periods of server congestion.<hex:0249020103><hex:0248020103>,,
1171,Proceed,,
1172,Previous Step,,
1173,Your character is traveling between data centers. Please wait until they have reached their destination.<hex:02100103>Estimated Travel Time: <hex:0208A9E3E8023DFF13>Less than 1 minute<hex:FF8F><hex:02088BE3E802F2012CFF14>Less than 5 minutes<hex:FF6E><hex:02086AE3E802F20258FF15>Less than 10 minutes<hex:FF4C><hex:020848E3E802F204B0FF15>Less than 20 minutes<hex:FF2A>Unknown. Servers are currently congested.<hex:03><hex:03><hex:03><hex:03>,,
1174,<hex:022903EA0203><hex:0212025903><hex:022903EA0303> has arrived safely on <hex:022903EA0503> in the <hex:022903EA0403> data center!,,
1175,This character is currently visiting the <hex:022903EA0203> data center.,,
1176,A name change is required to log in with this character. Please return to your Home World to change your name.,,
1177,A name change for your retainer is required to log in with this character. Please return to your Home World to change your retainer's name.,,
1178,"You may perform any necessary name changes by returning to your Home World.<hex:02100103>After changing names, logging in will place your character at the aetheryte of your starting nation.",,
1179,Return to Home World request accepted. Please wait until the transfer is complete.,,
1180,Unable to submit Return to Home World request at this time.,,
1181,Unable to return to Home World at this time. Please wait before attempting to return again.,,
1182,Return to Home World failed. Please wait before submitting another Return to Home World request via the subcommand.,,
1183,Successfully returned to Home World.,,
1184,A name change is required to log in with this character. Please return to your Home World to change your name.,,
1185,A name change for your retainer is required to log in with this character. Please return to your Home World to change your retainer's name.,,
1186,Return to Home World,,
1187,Time Elapsed:,,
1188,Select Data Center,,
1189,Select World,,
1190,Proceed,,
1191,<hex:022903EA0203><hex:0212025903><hex:022903EA0303> will now be returned to Home World <hex:022903EA0503> in the <hex:022903EA0403> data center.<hex:02100103>Estimated Travel Time: <hex:0208A9E3E8023DFF13>Less than 1 minute<hex:FF8F><hex:02088BE3E802F2012CFF14>Less than 5 minutes<hex:FF6E><hex:02086AE3E802F20258FF15>Less than 10 minutes<hex:FF4C><hex:020848E3E802F204B0FF15>Less than 20 minutes<hex:FF2A>Unknown. Servers are currently congested.<hex:03><hex:03><hex:03><hex:03><hex:02100103><hex:02100103><hex:024804F2023703><hex:024904F2023803>Please note the following:<hex:02100103>・This process may take several minutes to complete.<hex:02100103>・You will be unable to cancel this process while it is underway.<hex:02100103>・You will be unable to log in with a different character until this process has been completed.<hex:0249020103><hex:0248020103>,,
1192,"While visiting other data centers, the display of character information will be simplified.",,
1193,,,
1194,,,
1195,,,
1196,,,
1197,,,
1198,,,
1199,,,
1200,Unable to submit <hex:02082EE1E80301FF15>Return to Home World<hex:FF12>Data Center Visit<hex:03> request at this time. <hex:020815E1E80201FF0D><hex:02100103>[<hex:022003E80203>]<hex:FF01><hex:03>,,
1201,Unable to visit another data center. There are currently no other data centers within your selected region.,,
1202,Unable to <hex:020836E1E80201FF15>return to Home World<hex:FF1A>visit another data center<hex:03> at this time. Please wait before attempting again.,,
1203,"To visit other data centers with this character, you must first select a different name using the Change Name subcommand.",,
1204,"To visit other data centers with this character, you must first select a different retainer name using the Change Retainer Name subcommand.",,
1205,Character is currently imprisoned in the Mordion Gaol. <hex:02082EE1E80201FF15>Return to Home World<hex:FF12>Data Center Visit<hex:03> request denied.,,
1206,Character has not completed the game's opening event. Unable to submit Data Center Visit request.,,
1207,Your character must be on their Home World to submit a Data Center Visit request.,,
1208,Unable to <hex:020836E1E80301FF15>return to Home World<hex:FF1A>visit another data center<hex:03>. Please wait before submitting another request via the subcommand menu. <hex:020815E1E80201FF0D><hex:02100103>[<hex:022003E80203>]<hex:FF01><hex:03>,,
1209,<hex:02082EE1E80301FF15>Return to Home World<hex:FF12>Data Center Visit<hex:03> system is temporarily unavailable. <hex:020815E1E80201FF0D><hex:02100103>[<hex:022003E80203>]<hex:FF01><hex:03>,,
1210,Unable to <hex:020839E1E80301FF15>return to Home World<hex:FF1D>visit to another data center<hex:03>. <hex:020815E1E80201FF0D><hex:02100103>[<hex:022003E80203>]<hex:FF01><hex:03>,,
1211,Character was logged out or disconnected mid-duty. Unable to process <hex:02082EE1E80201FF15>Return to Home World<hex:FF12>Data Center Visit<hex:03> request.<hex:02100103>You must log in before a new request can be processed.,,
1212,Unable to proceed with Data Center Visit. You cannot have any more characters on <hex:022903EA0203>.,,
1213,You cannot submit a Data Center Visit request while outside of your Home Data Center.,,
1214,The World you have selected for your Return to Home World request is not this character's Home World.,,
1215,<hex:022903EA0203> belongs to your current data center. Please use the World Visit system to travel there.,,
1216,Unable to visit <hex:022903EA0203>. This World belongs to a data center outside of your region.,,
1217,You are currently on <hex:022903EA0203>. Canceling Data Center Visit request.,,
1218,Unable to select <hex:022903EA0203> as a destination for <hex:02082EE1E80301FF15>Return to Home World<hex:FF12>Data Center Visit<hex:03> requests at this time.,,
1219,A data error occurred and your <hex:02082EE1E80201FF15>Return to Home World<hex:FF12>Data Center Visit<hex:03> request could not be processed. Please contact the Support Desk. <hex:020815E1E80301FF0D><hex:02100103>[<hex:022003E80303>]<hex:FF01><hex:03>,,
1220,An error occurred while contacting the server. <hex:020815E1E80201FF0D><hex:02100103>[<hex:022003E80203>]<hex:FF01><hex:03>,,
1221,Unable to <hex:020836E1E80201FF15>return to Home World<hex:FF1A>visit another data center<hex:03> while in a party.,,
1222,More Subcommands,,
1223,Retrieve Character Data,,
1224,"If the display of character information has been simplified to better facilitate login, using this command will retrieve data necessary for name changes and editing your character after using Fantasia.",,
1225,Data for the selected character will be retrieved from the server and the display of character information will be restored.<hex:02100103>Proceed?,,
1226,Retrieving character data...,,
1227,Please retrieve character data before changing your character's name.,,
1228,Please retrieve character data before changing your retainer's name.,,
1229,A name change is required to log in with this character. Please retrieve character data before changing your character's name.,,
1230,"To log in with this character, you must first change your retainer's name. Please retrieve character data before changing your retainer's name.",,
1231,You will now return to your Home World.<hex:02100103>Logging in will place your character at the aetheryte of your starting nation.,,
1232,"To visit other Worlds with this character, you must first return to your Home World and change your character's name.",,
1233,"To visit other Worlds with this character, you must first return to your Home World and change your retainer's name.",,
1234,"Your request for data center travel could not be processed, as you have never connected to Worlds in the selected region.<hex:02100103>From the Data Center Selection screen, please select any World in your desired region and proceed to the Character Selection screen. After doing so, you will be able to use the Data Center Travel system in that region.",,
1235,You have already reached the maximum number of characters allowed for this service account in the selected region.<hex:02100103>At least one unused character slot is required in your destination region when using the Data Center Travel system.,,
1236,The selected character has yet to log out from a previous play session. Please wait and try accessing the subcommand menu again.,,
1237,The character you last logged out with in this play environment could not be found on the current data center.<hex:02100103>Please connect to another data center from the Data Center Selection screen.,,
1238,"<hex:024804F201FA03><hex:024904F201FB03>This World is experiencing congestion. Visiting characters cannot log in at this time, and you will be unable to return to your duty in progress.<hex:0249020103><hex:0248020103><hex:02100103>By abandoning the duty, you may return to your Home World.<hex:02100103>Abandon duty?",,
1239,Preparing to abandon duty.<hex:02100103>Please wait for the request to be processed.,,
1240,Abandoning duty.<hex:02100103><hex:024804F201FA03><hex:024904F201FB03>It can take up to 5 minutes for the request to be processed.<hex:0249020103><hex:0248020103><hex:02100103>Please wait before traveling to another World.,,
1241,The duty has not yet been abandoned.<hex:02100103>Please wait a moment and try again.,,
1242,I understand.,,
1243,,,
1244,,,
1245,,,
1246,,,
1247,,,
1248,,,
1249,,,
1250,Please note that Worlds on the Cloud Data Center will be shut down once the Cloud Data Center stress test has concluded. All character and retainer data on these Worlds will be deleted.,,
1251,,,
1252,,,
1253,,,
1254,,,
1255,,,
1256,,,
1257,,,
1258,,,
1259,,,
1260,,,
1261,,,
1262,,,
1263,,,
1264,,,
1265,,,
1266,,,
1267,,,
1268,,,
1269,,,
1270,,,
1271,,,
1272,,,
1273,,,
1274,,,
1275,,,
1276,,,
1277,,,
1278,,,
1279,,,
1280,,,
1281,,,
1282,,,
1283,,,
1284,,,
1285,,,
1286,,,
1287,,,
1288,,,
1289,,,
1290,,,
1291,,,
1292,,,
1293,,,
1294,,,
1295,,,
1296,,,
1297,,,
1298,,,
1299,,,
1300,,,
1301,,,
1302,,,
1303,,,
1304,,,
1305,,,
1306,,,
1307,,,
1308,,,
1309,,,
1310,,,
1311,,,
1312,,,
1313,,,
1314,,,
1315,,,
1316,,,
1317,,,
1318,,,
1319,,,
1320,,,
1321,,,
1322,,,
1323,,,
1324,,,
1325,,,
1326,,,
1327,,,
1328,,,
1329,,,
1330,,,
1331,,,
1332,,,
1333,,,
1334,,,
1335,,,
1336,,,
1337,,,
1338,,,
1339,,,
1340,,,
1341,,,
1342,,,
1343,,,
1344,,,
1345,,,
1346,,,
1347,,,
1348,,,
1349,,,
1350,,,
1351,,,
1352,,,
1353,,,
1354,,,
1355,,,
1356,,,
1357,,,
1358,,,
1359,,,
1360,,,
1361,,,
1362,,,
1363,,,
1364,,,
1365,,,
1366,,,
1367,,,
1368,,,
1369,,,
1370,,,
1371,,,
1372,,,
1373,,,
1374,,,
1375,,,
1376,,,
1377,,,
1378,,,
1379,,,
1380,,,
1381,,,
1382,,,
1383,,,
1384,,,
1385,,,
1386,,,
1387,,,
1388,,,
1389,,,
1390,,,
1391,,,
1392,,,
1393,,,
1394,,,
1395,,,
1396,,,
1397,,,
1398,,,
1399,,,
1400,,,
1401,,,
1402,,,
1403,,,
1404,,,
1405,,,
1406,,,
1407,,,
1408,,,
1409,,,
1410,,,
1411,,,
1412,,,
1413,,,
1414,,,
1415,,,
1416,,,
1417,,,
1418,,,
1419,,,
1420,,,
1421,,,
1422,,,
1423,,,
1424,,,
1425,,,
1426,,,
1427,,,
1428,,,
1429,,,
1430,,,
1431,,,
1432,,,
1433,,,
1434,,,
1435,,,
1436,,,
1437,,,
1438,,,
1439,,,
1440,,,
1441,,,
1442,,,
1443,,,
1444,,,
1445,,,
1446,,,
1447,,,
1448,,,
1449,,,
1450,,,
1451,,,
1452,,,
1453,,,
1454,,,
1455,,,
1456,,,
1457,,,
1458,,,
1459,,,
1460,,,
1461,,,
1462,,,
1463,,,
1464,,,
1465,,,
1466,,,
1467,,,
1468,,,
1469,,,
1470,,,
1471,,,
1472,,,
1473,,,
1474,,,
1475,,,
1476,,,
1477,,,
1478,,,
1479,,,
1480,,,
1481,,,
1482,,,
1483,,,
1484,,,
1485,,,
1486,,,
1487,,,
1488,,,
1489,,,
1490,,,
1491,,,
1492,,,
1493,,,
1494,,,
1495,,,
1496,,,
1497,,,
1498,,,
1499,,,
1500,,,
1501,,,
1502,,,
1503,,,
1504,,,
1505,,,
1506,,,
1507,,,
1508,,,
1509,,,
1510,,,
1511,,,
1512,,,
1513,,,
1514,,,
1515,,,
1516,,,
1517,,,
1518,,,
1519,,,
1520,,,
1521,,,
1522,,,
1523,,,
1524,,,
1525,,,
1526,,,
1527,,,
1528,,,
1529,,,
1530,,,
1531,,,
1532,,,
1533,,,
1534,,,
1535,,,
1536,,,
1537,,,
1538,,,
1539,,,
1540,,,
1541,,,
1542,,,
1543,,,
1544,,,
1545,,,
1546,,,
1547,,,
1548,,,
1549,,,
1550,,,
1551,,,
1552,,,
1553,,,
1554,,,
1555,,,
1556,,,
1557,,,
1558,,,
1559,,,
1560,,,
1561,,,
1562,,,
1563,,,
1564,,,
1565,,,
1566,,,
1567,,,
1568,,,
1569,,,
1570,,,
1571,,,
1572,,,
1573,,,
1574,,,
1575,,,
1576,,,
1577,,,
1578,,,
1579,,,
1580,,,
1581,,,
1582,,,
1583,,,
1584,,,
1585,,,
1586,,,
1587,,,
1588,,,
1589,,,
1590,,,
1591,,,
1592,,,
1593,,,
1594,,,
1595,,,
1596,,,
1597,,,
1598,,,
1599,,,
1600,,,
1601,,,
1602,,,
1603,,,
1604,,,
1605,,,
1606,,,
1607,,,
1608,,,
1609,,,
1610,,,
1611,,,
1612,,,
1613,,,
1614,,,
1615,,,
1616,,,
1617,,,
1618,,,
1619,,,
1620,,,
1621,,,
1622,,,
1623,,,
1624,,,
1625,,,
1626,,,
1627,,,
1628,,,
1629,,,
1630,,,
1631,,,
1632,,,
1633,,,
1634,,,
1635,,,
1636,,,
1637,,,
1638,,,
1639,,,
1640,,,
1641,,,
1642,,,
1643,,,
1644,,,
1645,,,
1646,,,
1647,,,
1648,,,
1649,,,
1650,,,
1651,,,
1652,,,
1653,,,
1654,,,
1655,,,
1656,,,
1657,,,
1658,,,
1659,,,
1660,,,
1661,,,
1662,,,
1663,,,
1664,,,
1665,,,
1666,,,
1667,,,
1668,,,
1669,,,
1670,,,
1671,,,
1672,,,
1673,,,
1674,,,
1675,,,
1676,,,
1677,,,
1678,,,
1679,,,
1680,,,
1681,,,
1682,,,
1683,,,
1684,,,
1685,,,
1686,,,
1687,,,
1688,,,
1689,,,
1690,,,
1691,,,
1692,,,
1693,,,
1694,,,
1695,,,
1696,,,
1697,,,
1698,,,
1699,,,
1700,,,
1701,,,
1702,,,
1703,,,
1704,,,
1705,,,
1706,,,
1707,,,
1708,,,
1709,,,
1710,,,
1711,,,
1712,,,
1713,,,
1714,,,
1715,,,
1716,,,
1717,,,
1718,,,
1719,,,
1720,,,
1721,,,
1722,,,
1723,,,
1724,,,
1725,,,
1726,,,
1727,,,
1728,,,
1729,,,
1730,,,
1731,,,
1732,,,
1733,,,
1734,,,
1735,,,
1736,,,
1737,,,
1738,,,
1739,,,
1740,Facial Features,,
1741,Facial Features,,
1742,Tattoos,,
1743,Ear Clasps,,
1744,Tattoo Color,,
1745,Ear Clasp Color,,
1746,Limbal Ring,,
1747,Other Features,,
1748,Limbal Ring Color,,
1749,Tattoos,,
1750,Tattoo Color,,
1751,Facial Features,,
1752,Eye Color,,
1753,Fang Length,,
1754,,,
1755,Tattoos,,
1756,Tattoo Color,,
1757,,,
1758,,,
1759,,,
1760,,,
1761,,,
1762,,,
1763,,,
1764,,,
1765,,,
1766,,,
1767,,,
1768,,,
1769,,,
1770,,,
1771,,,
1772,,,
1773,,,
1774,,,
1775,,,
1776,,,
1777,,,
1778,,,
1779,,,
1780,,,
1781,,,
1782,,,
1783,,,
1784,,,
1785,,,
1786,,,
1787,,,
1788,,,
1789,,,
1790,,,
1791,,,
1792,,,
1793,,,
1794,,,
1795,,,
1796,,,
1797,,,
1798,,,
1799,,,
1800,Are you certain you wish to leave the queue?,,
1801,You were automatically logged out due to extended inactivity.,,
1802,<hex:024804F201FE03><hex:024904F201FF03>A registered license for <hex:02280FFF0A>ExVersion<hex:E8020103> is required to select this race.<hex:0249020103><hex:0248020103>,,
1803,"RGB: <hex:022003E80203>,<hex:022003E80303>,<hex:022003E80403>",,
1804,,,
1805,,,
1806,,,
1807,,,
1808,,,
1809,,,
1810,,,
1811,,,
1812,,,
1813,,,
1814,,,
1815,,,
1816,,,
1817,,,
1818,,,
1819,,,
1820,,,
1821,,,
1822,,,
1823,,,
1824,,,
1825,,,
1826,,,
1827,,,
1828,,,
1829,,,
1830,,,
1831,,,
1832,,,
1833,,,
1834,,,
1835,,,
1836,,,
1837,,,
1838,,,
1839,,,
1840,,,
1841,,,
1842,,,
1843,,,
1844,,,
1845,,,
1846,,,
1847,,,
1848,,,
1849,,,
1850,,,
1851,,,
1852,,,
1853,,,
1854,,,
1855,,,
1856,,,
1857,,,
1858,,,
1859,,,
1860,,,
1861,,,
1862,,,
1863,,,
1864,,,
1865,,,
1866,,,
1867,,,
1868,,,
1869,,,
1870,,,
1871,,,
1872,,,
1873,,,
1874,,,
1875,,,
1876,,,
1877,,,
1878,,,
1879,,,
1880,,,
1881,,,
1882,,,
1883,,,
1884,,,
1885,,,
1886,,,
1887,,,
1888,,,
1889,,,
1890,,,
1891,,,
1892,,,
1893,,,
1894,,,
1895,,,
1896,,,
1897,,,
1898,,,
1899,,,
1900,,,
1901,,,
1902,,,
1903,,,
1904,,,
1905,,,
1906,,,
1907,,,
1908,,,
1909,,,
1910,,,
1911,,,
1912,,,
1913,,,
1914,,,
1915,,,
1916,,,
1917,,,
1918,,,
1919,,,
1920,,,
1921,,,
1922,,,
1923,,,
1924,,,
1925,,,
1926,,,
1927,,,
1928,,,
1929,,,
1930,,,
1931,,,
1932,,,
1933,,,
1934,,,
1935,,,
1936,,,
1937,,,
1938,,,
1939,,,
1940,,,
1941,,,
1942,,,
1943,,,
1944,,,
1945,,,
1946,,,
1947,,,
1948,,,
1949,,,
1950,Select your character's race and gender.,,
1951,Select your character's clan.,,
1952,Select your character's gender.,,
1953,Customize your character's appearance.,,
1954,Specify your character's date of birth.<hex:02100103><hex:02100103><hex:0248020203><hex:0249022503>This selection has no effect on gameplay.<hex:0249020103><hex:0248020103>,,
1955,Select your character's patron deity.<hex:02100103><hex:02100103><hex:0248020203><hex:0249022503>This selection has no effect on gameplay.<hex:0249020103><hex:0248020103>,,
1956,Select your starting class and city-state.,,
1957,Select a World server on which to play.,,
1958,Specify the first and last name of your character.,,
1959,Select a new name for your character.,,
1960,View your retainer in the uniform he or she will wear when working.,,
1961,View your character in the set of race-specific gear he or she will be wearing at the game's onset.,,
1962,View your character in a set of job-specific gear based on the selected class.,,
1963,View your character in the set of undergarments he or she will be wearing at the game's onset.,,
1964,View your character in a standing pose.,,
1965,View your character performing various actions such as emotes.,,
1966,,,
1967,View your character against an aetherial background.,,
1968,View your character in the forest of the Black Shroud.,,
1969,View your character in a Gridanian residence.,,
1970,Quit character creation and return to the Character Selection screen. You will lose all current progress.,,
1971,View your character on the sunny La Noscean coastline.,,
1972,View your character in an arid desert of Thanalan.,,
1973,Eorzean Calendar,,"The Eorzean year consists of the moon, Menphina, revolving
around Hydaelyn's two astral and umbral poles while fluctuating
between each of the six elements. In this, the year can be said
to be the length of twelve moons."
1974,<hex:022D14FF1202280EFF09436C6173734A6F62E8021C0303> (Lv. <hex:022003E80303>),,
1975,,,
1976,Adjust graphics settings.,,
1977,Adjust time of day.,,
1978,Adjust weather.,,
1979,Adjust camera options.,,
1980,Limsa Lominsa,,"On the southern coast of the island of Vylbrand, under the shadow of
ancient cliffs worn by the relentless onslaught of the Rhotano Sea,
lies the thalassocracy of Limsa Lominsa. Its economy is driven
primarily by shipping, but boasts lucrative shipbuilding, fishing, and
smithing industries as well. To maintain the safety of its maritime
routes, the city employs a formidable navy known as the Knights
of the Barracuda. Even so, pirate bands run rampant in nearby waters,
reaving and pillaging."
1981,Gridania,,"In the eastern reaches of the Aldenard landmass, home to vast, dense
woodlands and coursing rivers, lies the forest nation of Gridania. The
cityscape is a mosaic of labyrinthine waterways and great wooden
structures, so gracefully constructed they seem a part of the
surrounding environment. The favored goddess of the citizenry is
Nophica, the Matron, but great faith is also placed in the wisdom of
the Seedseers－young oracles who guide the nation based on the
will of the forest's elementals."
1982,Ul'dah,,"The bustling commercial hub of Ul'dah sits amid the desolate desert
landscape of southern Aldenard. Ul'dahn culture is known for its
affluence, and the wealth of the nation comes in large part from its
abundant mineral resources and clothcrafting industry. Though it is
the sultana who claims sovereignty, true power is wielded by the
Syndicate, a council sat by six of Ul'dah's most elite and influential.
Nald'thal is the nation's patron deity, and two great halls devoted to
His two aspects lie in the east and west of the city."
1983,,,
1984,"Both forename and surname must be between 2 and 15 characters and not total more than 20 characters combined. Only letters, hyphens, and apostrophes can be used. The first character of either name must be a letter. Hyphens cannot be used in succession or placed immediately before or after apostrophes.",,
1985,"Nicknames must be between 3 and 20 characters. Only letters, hyphens, and apostrophes can be used. The first character of either name must be a letter. Hyphens cannot be used in succession or placed immediately before or after apostrophes.",,
1986,,,
1987,,,
1988,,,
1989,,,
1990,View your character in the set of gear he or she is currently wearing. The face and hair may be concealed depending on gear.,,
1991,View your character against an aetherial background.,,
1992,View your character in the forest of the Black Shroud.,,
1993,View your character in a Gridanian residence.,,
1994,Cancel character customization and discard changes.,,
1995,View your character on the sunny La Noscean coastline.,,
1996,View your character in an arid desert of Thanalan.,,
1997,,,
1998,,,
1999,,,
2000,"© 2010-<hex:020827E1E80201FF07><hex:022003E80203><hex:FF19><hex:0207020103><hex:020810E3DFF207DDF207DDFF06><hex:022002DF03><hex:03><hex:03> SQUARE ENIX CO., LTD. All Rights Reserved.",,
2001,START,,
2002,EXIT,,
2003,CONFIGURATION,,
2004,OPENING MOVIE,,
2005,LAUNCHER,,
2006,DATA CENTER,,
2007,OPENING MOVIE,,
2008,A Realm Reborn Demo and Title,,
2009,BACK,,
2010,Character Selection,,
2011,MOVIES & TITLES,,
2012,Heavensward Demo and Title,,
2013,Stormblood Demo and Title,,
2014,Shadowbringers Demo and Title,,
2015,RACE,,
2016,CLAN,,
2017,NAMEDAY,,
2018,GUARDIAN,,
2019,CLASS,,
2020,LOCATION,,
2021,WORLD VISIT,,
2022,Endwalker Demo and Title,,
2023,,,
2024,,,
2025,World,,
2026,Ping Status,,
2027,New Character,,
2028,Saved Characters,,
2029,,,
2030,World Selection,,
2031,Group JP,,
2032,Group NA/EU,,
2033,World List,,
2034,,,
2035,Forename,,
2036,Surname,,
2037,Change,,
2038,Character Name,,
2039,Please select another name.,,
2040,Retainer Name,,
2041,Please select another name.,,
2042,,,
2043,Generates a random forename and surname based on in-world naming conventions. The resulting name can be further edited to your liking.,,
2044,Load previously saved appearance data?,,
2045,You have selected <hex:022903EA0203> as your starting World. Proceed?,,
2046,Select Another,,
2047,Return,,
2048,,,
2049,,,
2050,Confirm,,
2051,Cancel,,
2052,Quit,,
2053,Update,,
2054,,,
2055,CHARACTER CREATION,,
2056,CHARACTER CUSTOMIZATION,,
2057,,,
2058,,,
2059,,,
2060,POSE,,
2061,Standing,,
2062,Unique,,
2063,Random,,
2064,ATTIRE,,
2065,Race,,
2066,Job,,
2067,Smallclothes,,
2068,Retainer,,
2069,Equipped,,
2070,Environment,,
2071,Dawn,,
2072,Midday,,
2073,Dusk,,
2074,Evening,,
2075,Midday,,
2076,Evening,,
2077,,,
2078,,,
2079,,,
2080,1,,
2081,1,,
2082,2,,
2083,2,,
2084,3,,
2085,3,,
2086,4,,
2087,4,,
2088,5,,
2089,5,,
2090,6,,
2091,6,,
2092,,,
2093,,,
2094,,,
2095,,,
2096,,,
2097,,,
2098,,,
2099,,,
2100,Character Name,,
2101,Forename,,
2102,Surname,,
2103,,,
2104,Confirm,,
2105,Both forename and surname must be between 2 and 15 characters and not total more than 20 characters combined. Only letters and apostrophes can be used in names. Duplicate full names will not be allowed.,,
2106,Generates a random forename and surname based on in-game naming conventions. The resulting name can be further edited to your liking.,,
2107,,,
2108,,,
2109,,,
2110,©,,
2111,®,,
2112,,,
2113,,,
2114,Connection,,
2115,Excellent,,
2116,Good,,
2117,––,,
2118,None,,
2119,,,
2120,Previous,,
2121,Current,,
2122,Dark,,
2123,Light,,
2124,Eye Color,,
2125,Odd Eyes,,
2126,Randomize Appearance,,
2127,None,,
2128,Hair Color,,
2129,Highlights,,
2130,Ping Status,,
2131,Group JP,,
2132,Group NA/EU,,
2133,Revert to Current Appearance,,
2134,Pattern,,
2135,Reverse,,
2136,,,
2137,,,
2138,,,
2139,,,
2140,Character Data Import,,
2141,Character data has been found. Select the data you wish to import.,,
2142,Date,,
2143,Slot Number,,
2144,Clan/Gender,,
2145,,,
2146,Unable to locate appearance data.,,
2147,To load appearance data for the <hex:02092FE805FF14>male <hex:02280BFF06>Tribe<hex:E8040103><hex:FF16>female <hex:02280BFF06>Tribe<hex:E8040203><hex:03> saved to slot <hex:022003E80303> at <hex:020703E80203><hex:022002DB03>:<hex:022402DA03> on <hex:02082BE4E94E04FF12><hex:022002DC03>/<hex:022002DE03>/<hex:022002DF03><hex:FF12><hex:022002DE03>/<hex:022002DC03>/<hex:022002DF03><hex:03> you must first install <hex:02280FFF0A>ExVersion<hex:E8060103>.,,
2148,,,
2149,,,
2150,Character Data Export,,
2151,Select a save slot.,,
2152,Date,,
2153,Slot Number,,
2154,Clan/Gender,,
2155,,,
2156,,,
2157,,,
2158,,,
2159,,,
2160,Save <hex:02092FE803FF14><hex:02280BFF06>Tribe<hex:E8020103> male<hex:FF16><hex:02280BFF06>Tribe<hex:E8020203> female<hex:03> appearance data to slot <hex:022003E80403>?,,
2161,Comment,,
2162,Yes,,
2163,No,,
2164,Load appearance data for the <hex:02092FE805FF14>male <hex:02280BFF06>Tribe<hex:E8040103><hex:FF16>female <hex:02280BFF06>Tribe<hex:E8040203><hex:03> saved to slot <hex:022003E80303> at <hex:020703E80203><hex:022002DB03>:<hex:022402DA03> on <hex:02082BE4E94E04FF12><hex:022002DC03>/<hex:022002DE03>/<hex:022002DF03><hex:FF12><hex:022002DE03>/<hex:022002DC03>/<hex:022002DF03><hex:03>?,,
2165,Yes,,
2166,No,,
2167,"Load appearance data for the <hex:02092FE805FF14>male <hex:02280BFF06>Tribe<hex:E8040103><hex:FF16>female <hex:02280BFF06>Tribe<hex:E8040203><hex:03> <hex:022903EA0303> hailing from Version 1.0 World, <hex:022903EA0203>?",,
2168,Load appearance data for the <hex:02092FE805FF14>male <hex:02280BFF06>Tribe<hex:E8040103><hex:FF16>female <hex:02280BFF06>Tribe<hex:E8040203><hex:03> saved to Version 1.0 save slot <hex:022003E80303>?,,
2169,Overwrite appearance data for the <hex:02092FE805FF14>male <hex:02280BFF06>Tribe<hex:E8040103><hex:FF16>female <hex:02280BFF06>Tribe<hex:E8040203><hex:03> saved to slot <hex:022003E80303> at <hex:020703E80203><hex:022002DB03>:<hex:022402DA03> on <hex:02082BE4E94E04FF12><hex:022002DC03>/<hex:022002DE03>/<hex:022002DF03><hex:FF12><hex:022002DE03>/<hex:022002DC03>/<hex:022002DF03><hex:03>?,,
2170,(Version 1.0),,
2171,(β Version),,
2172,(Benchmark),,
2173,<hex:020703E80203><hex:02082BE4E94E04FF12><hex:022002DC03>/<hex:022002DE03>/<hex:022002DF03><hex:FF12><hex:022002DE03>/<hex:022002DC03>/<hex:022002DF03><hex:03>,,
2174,Save Slot <hex:022003E80203>,,
2175,<hex:02092BE803FF13><hex:02280BFF06>Tribe<hex:E8020103> ♂<hex:FF13><hex:02280BFF06>Tribe<hex:E8020203> ♀<hex:03>,,
2176,"Save appearance data?<hex:02100103><hex:02100103>Once saved, appearance data can be reused when creating another character.",,
2177,Yes,,
2178,No,,
2179,Data is corrupted or format is different.<hex:02100103>Could not load.,,
2180,Return,,
2181,Load appearance data? Your current progress will be lost.,,
2182,Yes,,
2183,No,,
2184,Data saved.,,
2185,Save failed.,,
2186,OK,,
2187,Save appearance data? This data can be used in both the benchmark and the game.,,
2188,Incompatible Data,,
2189,The appearance data saved to slot <hex:022003E80303> at <hex:020703E80203><hex:022002DB03>:<hex:022402DA03> on <hex:02082BE4E94E04FF12><hex:022002DC03>/<hex:022002DE03>/<hex:022002DF03><hex:FF12><hex:022002DE03>/<hex:022002DC03>/<hex:022002DF03><hex:03> is incompatible with the current version of the benchmark. Do you wish to overwrite it?,,
2190,Videos,,
2191,A Realm Reborn,,
2192,Heavensward,,
2193,Stormblood,,
2194,,,
2195,,,
2196,,,
2197,,,
2198,,,
2199,,,
2200,,,
