key,2,3
#,Stats,Description
offset,0,4
int32,str,str
0,,
1,<hex:024804F201F803><hex:024904F201F903>Type: <hex:0249020103><hex:0248020103>Magic<hex:02100103><hex:024804F201F803><hex:024904F201F903>Aspect: <hex:0249020103><hex:0248020103>Wind<hex:02100103><hex:024804F201F803><hex:024904F201F903>Rank: <hex:0249020103><hex:0248020103>★★★★<hex:02100103>,"Typhon's signature technique produces gale-force winds by propelling concentrated air through the nostrils─though mages recreate the gust externally, for the sake of nasal integrity. In addition to buffeting foes backward, it appears to have a detrimental effect on its target's mental state."
2,<hex:024804F201F803><hex:024904F201F903>Type: <hex:0249020103><hex:0248020103>Physical<hex:02100103><hex:024804F201F803><hex:024904F201F903>Damage: <hex:0249020103><hex:0248020103>Blunt<hex:02100103><hex:024804F201F803><hex:024904F201F903>Rank: <hex:0249020103><hex:0248020103>★★★★<hex:02100103>,"Employed to great effect by Ultros, this technique crushes adversaries beneath a phantom weight. Due to reticence in the scholastic community regarding certain forms of testing, whether the weight applied feels like that of four full tonzes is a question that remains unanswered. "
3,<hex:024804F201F803><hex:024904F201F903>Type: <hex:0249020103><hex:0248020103>Magic<hex:02100103><hex:024804F201F803><hex:024904F201F903>Aspect: <hex:0249020103><hex:0248020103>Water<hex:02100103><hex:024804F201F803><hex:024904F201F903>Rank: <hex:0249020103><hex:0248020103>★<hex:02100103>,"This spell, easily mastered via defeat of a kraken, fires a concentrated burst of water at one's opponent. As the liquid itself is conjured by manipulating aether to condense moisture in the air, the technique remains effective regardless of whether or not its caster has access to a body of water. "
4,<hex:024804F201F803><hex:024904F201F903>Type: <hex:0249020103><hex:0248020103>Magic<hex:02100103><hex:024804F201F803><hex:024904F201F903>Aspect: <hex:0249020103><hex:0248020103>None<hex:02100103><hex:024804F201F803><hex:024904F201F903>Rank: <hex:0249020103><hex:0248020103>★★<hex:02100103>,"Favored by sirens, the Song of Torment carries in its melody a malicious enchantment. It ensnares the listener's spirit, inducing phantom pain that soon becomes physical as the body struggles to process the mind's trauma."
5,<hex:024804F201F803><hex:024904F201F903>Type: <hex:0249020103><hex:0248020103>Magic<hex:02100103><hex:024804F201F803><hex:024904F201F903>Aspect: <hex:0249020103><hex:0248020103>Lightning<hex:02100103><hex:024804F201F803><hex:024904F201F903>Rank: <hex:0249020103><hex:0248020103>★★★★<hex:02100103>,"An industrial form of machina-based aetherial manipulation developed and adapted by the Allagan Empire. Through the compression of ambient lightning-aspected aether, the caster (or casting machina) floods the vicinity with highly charged arcs of electricity."
6,<hex:024804F201F803><hex:024904F201F903>Type: <hex:0249020103><hex:0248020103>Magic<hex:02100103><hex:024804F201F803><hex:024904F201F903>Aspect: <hex:0249020103><hex:0248020103>None<hex:02100103><hex:024804F201F803><hex:024904F201F903>Rank: <hex:0249020103><hex:0248020103>★★★<hex:02100103>,"This spell manipulates wind- and earth-aspected aether to call forth the umbral, imbuing exhaled air with miasma. Attempts to replicate the morbol's Bad Breath sans its inherent horrific stench have been unsuccessful, thus it retains its title as the <hex:021A020203>foulest<hex:021A020103> of blue magicks."
7,<hex:024804F201F803><hex:024904F201F903>Type: <hex:0249020103><hex:0248020103>Physical<hex:02100103><hex:024804F201F803><hex:024904F201F903>Damage: <hex:0249020103><hex:0248020103>Blunt<hex:02100103><hex:024804F201F803><hex:024904F201F903>Rank: <hex:0249020103><hex:0248020103>★★★<hex:02100103>,"Replicating this technique requires magically altering one's own state of mind to mimic that of a zu. The flying strike that results surpasses normal physical limitations, but requires dispensing with caution in favor of an all-consuming rage─the sensible mage will shield herself with aether first."
8,<hex:024804F201F803><hex:024904F201F903>Type: <hex:0249020103><hex:0248020103>Magic<hex:02100103><hex:024804F201F803><hex:024904F201F903>Aspect: <hex:0249020103><hex:0248020103>Water<hex:02100103><hex:024804F201F803><hex:024904F201F903>Rank: <hex:0249020103><hex:0248020103>★★★★<hex:02100103>,"The most quintessential of water-aspected blue magicks. A competent mage will not only use its bubbles to smother nearby enemies, but also incorporate poisons, sealing the fates of any survivors."
9,<hex:024804F201F803><hex:024904F201F903>Type: <hex:0249020103><hex:0248020103>Magic<hex:02100103><hex:024804F201F803><hex:024904F201F903>Aspect: <hex:0249020103><hex:0248020103>Earth<hex:02100103><hex:024804F201F803><hex:024904F201F903>Rank: <hex:0249020103><hex:0248020103>★★<hex:02100103>,"Just like that all-too-well-known fixture in the arsenals of many earthy soulkin, this technique creates a localized quake around the caster. According to legend, the earth itself will appear to shatter under a true master of the spell."
10,<hex:024804F201F803><hex:024904F201F903>Type: <hex:0249020103><hex:0248020103>Magic<hex:02100103><hex:024804F201F803><hex:024904F201F903>Aspect: <hex:0249020103><hex:0248020103>None<hex:02100103><hex:024804F201F803><hex:024904F201F903>Rank: <hex:0249020103><hex:0248020103>★<hex:02100103>,"This technique pelts foes with seedlike aetherial orbs, which then explode to release the soporific within. Scholars believe that similar defense mechanisms were originally developed by treants and other species vulnerable to vilekin in order to prevent their boring of holes and leeching of sap."
11,<hex:024804F201F803><hex:024904F201F903>Type: <hex:0249020103><hex:0248020103>Magic<hex:02100103><hex:024804F201F803><hex:024904F201F903>Aspect: <hex:0249020103><hex:0248020103>None<hex:02100103><hex:024804F201F803><hex:024904F201F903>Rank: <hex:0249020103><hex:0248020103>★★<hex:02100103>,"Instinctive to beastkin, Bristle channels sheer animalistic rage into heightened spiritual and physical power. The blue mage will find that she can adapt this technique to increase her spells' potency. "
12,<hex:024804F201F803><hex:024904F201F903>Type: <hex:0249020103><hex:0248020103>Magic<hex:02100103><hex:024804F201F803><hex:024904F201F903>Aspect: <hex:0249020103><hex:0248020103>None<hex:02100103><hex:024804F201F803><hex:024904F201F903>Rank: <hex:0249020103><hex:0248020103>★<hex:02100103>,"Primarily used by soulflayers, though reportedly also found in Blaster's arsenal, Mind Blast assaults nearby foes' perceptions, tormenting them with the sensation of manifold cuts. Senses overwhelmed, victims' bodies react as if perception were reality, leaving them wounded and paralyzed."
13,<hex:024804F201F803><hex:024904F201F903>Type: <hex:0249020103><hex:0248020103>Magic<hex:02100103><hex:024804F201F803><hex:024904F201F903>Aspect: <hex:0249020103><hex:0248020103>None<hex:02100103><hex:024804F201F803><hex:024904F201F903>Rank: <hex:0249020103><hex:0248020103>★<hex:02100103>,"Through the draining of blood, this spell saps a foe's aether, a portion of which is then absorbed by the caster. In nature, such habits first appeared in creatures such as bats and chigoes, who naturalists theorize developed the ability to absorb nutrients via blood over the course of centuries."
14,<hex:024804F201F803><hex:024904F201F903>Type: <hex:0249020103><hex:0248020103>Magic<hex:02100103><hex:024804F201F803><hex:024904F201F903>Aspect: <hex:0249020103><hex:0248020103>Fire<hex:02100103><hex:024804F201F803><hex:024904F201F903>Rank: <hex:0249020103><hex:0248020103>★★<hex:02100103>,"This spell creates an aetherial replica of the sort of bomb preferred by goblins. Of course, goblin bombs acquire their combustive force through the use of magically enhanced gunpowder, so mimicking this effect with aether alone requires no small amount of effort, but the results are...explosive."
15,<hex:024804F201F803><hex:024904F201F903>Type: <hex:0249020103><hex:0248020103>Physical<hex:02100103><hex:024804F201F803><hex:024904F201F903>Damage: <hex:0249020103><hex:0248020103>Piercing<hex:02100103><hex:024804F201F803><hex:024904F201F903>Rank: <hex:0249020103><hex:0248020103>★★★★<hex:02100103>,"Highly famed─and feared─due to its frequent use by cactuars, 1000 Needles showers one's surroundings with a hail of slim projectiles. Despite their magical nature, the velocity at which the blue mage's pseudo-spines are propelled ensures that they are quite as painful as the real thing."
16,<hex:024804F201F803><hex:024904F201F903>Type: <hex:0249020103><hex:0248020103>Physical<hex:02100103><hex:024804F201F803><hex:024904F201F903>Damage: <hex:0249020103><hex:0248020103>Piercing<hex:02100103><hex:024804F201F803><hex:024904F201F903>Rank: <hex:0249020103><hex:0248020103>★★<hex:02100103>,"This technique mimics the Drill Cannons of machina by winding aetherial currents until they resemble rapidly spinning projectiles. Like the physical drills upon which they are patterned, these projectiles excel at penetrating stone."
17,<hex:024804F201F803><hex:024904F201F903>Type: <hex:0249020103><hex:0248020103>Magic<hex:02100103><hex:024804F201F803><hex:024904F201F903>Aspect: <hex:0249020103><hex:0248020103>None<hex:02100103><hex:024804F201F803><hex:024904F201F903>Rank: <hex:0249020103><hex:0248020103>★★<hex:02100103>,"Common amongst dahaks, this technique requires using the position of one's own eyes to anchor arcane geometries in which to concentrate aether. The user then expels the aether, propelled by ill will, in the direction of his gaze─though this tends to earn him a fair bit of ire in return."
18,<hex:024804F201F803><hex:024904F201F903>Type: <hex:0249020103><hex:0248020103>Physical<hex:02100103><hex:024804F201F803><hex:024904F201F903>Damage: <hex:0249020103><hex:0248020103>Slashing<hex:02100103><hex:024804F201F803><hex:024904F201F903>Rank: <hex:0249020103><hex:0248020103>★★★★<hex:02100103>,"At this point, tonberries' predilection for sharpened knives is well known. By manipulating aether to harness feelings of resentment, one hones a keener blade for driving into the heart of the enemy. Naturally, being beset by this attack while unable to move is a uniquely harrowing experience."
19,<hex:024804F201F803><hex:024904F201F903>Type: <hex:0249020103><hex:0248020103>Magic<hex:02100103><hex:024804F201F803><hex:024904F201F903>Aspect: <hex:0249020103><hex:0248020103>None<hex:02100103><hex:024804F201F803><hex:024904F201F903>Rank: <hex:0249020103><hex:0248020103>★<hex:02100103>,"To utilize this simple teleportation spell, casters must create an aetherial current upon which to travel between their location and the desired position. Though this is only effective over short distances, it is nevertheless an invaluable tool in the event that one needs to beat a hasty retreat."
20,<hex:024804F201F803><hex:024904F201F903>Type: <hex:0249020103><hex:0248020103>Magic<hex:02100103><hex:024804F201F803><hex:024904F201F903>Aspect: <hex:0249020103><hex:0248020103>Fire<hex:02100103><hex:024804F201F803><hex:024904F201F903>Rank: <hex:0249020103><hex:0248020103>★★★★<hex:02100103>,"As with thaumaturgical fire spells, the jet of flame produced by this technique manifests from a burst of fire-aspected aether. Certain weapons produce similar effects; however, this is not through aetherial manipulation, but rather the copious use of highly flammable liquid."
21,<hex:024804F201F803><hex:024904F201F903>Type: <hex:0249020103><hex:0248020103>Magic<hex:02100103><hex:024804F201F803><hex:024904F201F903>Aspect: <hex:0249020103><hex:0248020103>None<hex:02100103><hex:024804F201F803><hex:024904F201F903>Rank: <hex:0249020103><hex:0248020103>★★★<hex:02100103>,"Originally developed as a means of defense from flesh-eating beasts, this favorite of the Qiqirn tribes produces a shockwave as its user strikes together palms filled with concentrated aether, leaving foes witless."
22,<hex:024804F201F803><hex:024904F201F903>Type: <hex:0249020103><hex:0248020103>Magic<hex:02100103><hex:024804F201F803><hex:024904F201F903>Aspect: <hex:0249020103><hex:0248020103>Lightning<hex:02100103><hex:024804F201F803><hex:024904F201F903>Rank: <hex:0249020103><hex:0248020103>★★★★<hex:02100103>,"Perhaps best known as the unsettling hallmark of the cyclops, Glower involves funneling aether through the eyes as if they were arcane circles─much like its sister spell, The Look. Its highly concentrated aether strikes foes like a levinbolt, leaving their skin singed and muscles seizing."
23,<hex:024804F201F803><hex:024904F201F903>Type: <hex:0249020103><hex:0248020103>Magic<hex:02100103><hex:024804F201F803><hex:024904F201F903>Aspect: <hex:0249020103><hex:0248020103>None<hex:02100103><hex:024804F201F803><hex:024904F201F903>Rank: <hex:0249020103><hex:0248020103>★★★★<hex:02100103>,"A magical imitation of warmachina technology, this technique allows the user to fire a barrage of aetherial missiles. When efficacious─which, bear in mind, is not guaranteed─it sends a shock through the foe that appears to resonate more the greater their vitality."
24,<hex:024804F201F803><hex:024904F201F903>Type: <hex:0249020103><hex:0248020103>Magic<hex:02100103><hex:024804F201F803><hex:024904F201F903>Aspect: <hex:0249020103><hex:0248020103>None<hex:02100103><hex:024804F201F803><hex:024904F201F903>Rank: <hex:0249020103><hex:0248020103>★★★<hex:02100103>,"White Wind imbues a localized current of air with purified aether, distributing its curative effects throughout the vicinity. Though powerful for such a simple spell, the purification of sufficient aether requires significant magical exertion on the part of the caster, and thus should be used sparingly.  "
25,<hex:024804F201F803><hex:024904F201F903>Type: <hex:0249020103><hex:0248020103>Physical<hex:02100103><hex:024804F201F803><hex:024904F201F903>Damage: <hex:0249020103><hex:0248020103>Piercing<hex:02100103><hex:024804F201F803><hex:024904F201F903>Rank: <hex:0249020103><hex:0248020103>★★<hex:02100103>,"A desperate mage's last resort, this technique converts all of the user's life force to an aetherial poison that is then injected into a single adversary. Suffice it to say that, as with the physical sting of the wespe, it should not be relied upon in but the most dire of circumstances."
26,<hex:024804F201F803><hex:024904F201F903>Type: <hex:0249020103><hex:0248020103>Magic<hex:02100103><hex:024804F201F803><hex:024904F201F903>Aspect: <hex:0249020103><hex:0248020103>Fire<hex:02100103><hex:024804F201F803><hex:024904F201F903>Rank: <hex:0249020103><hex:0248020103>★<hex:02100103>,"Credited as the source of the “bomb” voidsent family's name, Self-destruct, when used by blue mages, converts the entirety of its caster's energy into fire-aspected aether to cause an explosion. The application of oil has been observed to make it more effective─though likely also more painful."
27,<hex:024804F201F803><hex:024904F201F903>Type: <hex:0249020103><hex:0248020103>Magic<hex:02100103><hex:024804F201F803><hex:024904F201F903>Aspect: <hex:0249020103><hex:0248020103>None<hex:02100103><hex:024804F201F803><hex:024904F201F903>Rank: <hex:0249020103><hex:0248020103>★★<hex:02100103>,"At times used by self-sacrificing spirits of the dead roaming the New World, this technique consumes the entirety of one's being to fully restore both the body and mind of another. Though the sacrifice required is great, the use of this spell is a deed not soon forgotten."
28,<hex:024804F201F803><hex:024904F201F903>Type: <hex:0249020103><hex:0248020103>Magic<hex:02100103><hex:024804F201F803><hex:024904F201F903>Aspect: <hex:0249020103><hex:0248020103>None<hex:02100103><hex:024804F201F803><hex:024904F201F903>Rank: <hex:0249020103><hex:0248020103>★★★<hex:02100103>,"This technique covers the blue mage's body in oil, much like a gigantoad's slime would its own, allowing the caster to slip and slide away from foes' attacks. Though most consider it uncouth at best, make no mistake─its devotees are few, but ardent."
29,<hex:024804F201F803><hex:024904F201F903>Type: <hex:0249020103><hex:0248020103>Magic<hex:02100103><hex:024804F201F803><hex:024904F201F903>Aspect: <hex:0249020103><hex:0248020103>None<hex:02100103><hex:024804F201F803><hex:024904F201F903>Rank: <hex:0249020103><hex:0248020103>★★<hex:02100103>,"A primitive type of curse cast by giants in the New World, this spell sunders opponents' defenses by breaking their spirits. Pairing it with strong offensive magic allows the blue mage to weaken and strike down foe after foe without cease. "
30,<hex:024804F201F803><hex:024904F201F903>Type: <hex:0249020103><hex:0248020103>Physical<hex:02100103><hex:024804F201F803><hex:024904F201F903>Damage: <hex:0249020103><hex:0248020103>Blunt<hex:02100103><hex:024804F201F803><hex:024904F201F903>Rank: <hex:0249020103><hex:0248020103>★★★★<hex:02100103>,"In nature, Sticky Tongue is employed by gigantoads, who extend said lengthy and unusually adhesive appendages to capture distant prey. The blue magic rendition utilizes a far more sanitary aetherial “tongue,” but the principle is the same."
31,<hex:024804F201F803><hex:024904F201F903>Type: <hex:0249020103><hex:0248020103>Magic<hex:02100103><hex:024804F201F803><hex:024904F201F903>Aspect: <hex:0249020103><hex:0248020103>None<hex:02100103><hex:024804F201F803><hex:024904F201F903>Rank: <hex:0249020103><hex:0248020103>★★★★<hex:02100103>,"Karlabos performs Tail Screw by collecting turbulent aether in the tip of its tail, then unleashing it at once as a violent whorl that rips foes' lives from their bodies. This is notoriously difficult to imitate, due to the challenges inherent in attempting to control such a volatile aetherial vortex."
32,<hex:024804F201F803><hex:024904F201F903>Type: <hex:0249020103><hex:0248020103>Magic<hex:02100103><hex:024804F201F803><hex:024904F201F903>Aspect: <hex:0249020103><hex:0248020103>None<hex:02100103><hex:024804F201F803><hex:024904F201F903>Rank: <hex:0249020103><hex:0248020103>★★<hex:02100103>,"This curse, commonly used by ahrimans and similar voidsent, takes advantage of the hubris that living creatures tend to fall prey to upon reaching certain malmstones in development, targeting mental weaknesses to give foes a paralyzing reminder of their own fallibility."
33,<hex:024804F201F803><hex:024904F201F903>Type: <hex:0249020103><hex:0248020103>Magic<hex:02100103><hex:024804F201F803><hex:024904F201F903>Aspect: <hex:0249020103><hex:0248020103>None<hex:02100103><hex:024804F201F803><hex:024904F201F903>Rank: <hex:0249020103><hex:0248020103>★<hex:02100103>,"This technique imitates a peculiar flute wrested from the grasp of a vanquished voidsent. Said creature was initially welcomed as a god by those New World peoples who worship the moon, but it soon became clear to them that the flute was the true source of its power and cruel authority. "
34,<hex:024804F201F803><hex:024904F201F903>Type: <hex:0249020103><hex:0248020103>Magic<hex:02100103><hex:024804F201F803><hex:024904F201F903>Aspect: <hex:0249020103><hex:0248020103>None<hex:02100103><hex:024804F201F803><hex:024904F201F903>Rank: <hex:0249020103><hex:0248020103>★★★★<hex:02100103>,"Oft cast by voidsent in the New World, this mortal curse merely hints that one's time may be nigh. For particularly suggestible opponents, however, this is enough─the looming specter of death will send them leaping to their graves."
35,<hex:024804F201F803><hex:024904F201F903>Type: <hex:0249020103><hex:0248020103>Magic<hex:02100103><hex:024804F201F803><hex:024904F201F903>Aspect: <hex:0249020103><hex:0248020103>None<hex:02100103><hex:024804F201F803><hex:024904F201F903>Rank: <hex:0249020103><hex:0248020103>★★★★<hex:02100103>,"Protected by only a dainty layer of scales, some Indigo Deep-dwellers' survival has come to depend on aetherial manipulation─this technique included. By reducing the amount of aether used for offense, more becomes available for the creation of a strong─if flashy─barrier."
36,<hex:024804F201F803><hex:024904F201F903>Type: <hex:0249020103><hex:0248020103>Magic<hex:02100103><hex:024804F201F803><hex:024904F201F903>Aspect: <hex:0249020103><hex:0248020103>Ice<hex:02100103><hex:024804F201F803><hex:024904F201F903>Rank: <hex:0249020103><hex:0248020103>★<hex:02100103>,"Favored by certain types of voidsent, this spell─technically a curse, cast upon oneself─converts the malice of attackers into aetherial spikes of ice, impaling them each time they strike. The more furious their flurries, the more pain they cause themselves─poetic justice, one might say."
37,<hex:024804F201F803><hex:024904F201F903>Type: <hex:0249020103><hex:0248020103>Magic<hex:02100103><hex:024804F201F803><hex:024904F201F903>Aspect: <hex:0249020103><hex:0248020103>Ice<hex:02100103><hex:024804F201F803><hex:024904F201F903>Rank: <hex:0249020103><hex:0248020103>★★<hex:02100103>,"Scholars theorize that this particular spell was born of the variety of aetherial manipulation often performed by northern rams to survive the harsh climes of high elevations─but when ram became chimerical head, it began to favor offense over defense."
38,<hex:024804F201F803><hex:024904F201F903>Type: <hex:0249020103><hex:0248020103>Magic<hex:02100103><hex:024804F201F803><hex:024904F201F903>Aspect: <hex:0249020103><hex:0248020103>Lightning<hex:02100103><hex:024804F201F803><hex:024904F201F903>Rank: <hex:0249020103><hex:0248020103>★★<hex:02100103>,"The blue mage's ability to precisely direct volatile levin to form the smooth ring produced by this spell is owed to the chimera from which the technique was learned─and whose control of lightning aether was, in turn, owed to its draconic head."
39,<hex:024804F201F803><hex:024904F201F903>Type: <hex:0249020103><hex:0248020103>Magic<hex:02100103><hex:024804F201F803><hex:024904F201F903>Aspect: <hex:0249020103><hex:0248020103>None<hex:02100103><hex:024804F201F803><hex:024904F201F903>Rank: <hex:0249020103><hex:0248020103>★★<hex:02100103>,"A variant on a salamander specialty, Peculiar Light disperses radiance naturally emitted during spellcasting into a half-globe, clouding victims' vision. Thus unbeknownst to them, malignant aether lurking within the rapidly reflecting beams renders them more susceptible to further aetherial assaults."
40,<hex:024804F201F803><hex:024904F201F903>Type: <hex:0249020103><hex:0248020103>Magic<hex:02100103><hex:024804F201F803><hex:024904F201F903>Aspect: <hex:0249020103><hex:0248020103>None<hex:02100103><hex:024804F201F803><hex:024904F201F903>Rank: <hex:0249020103><hex:0248020103>★★★<hex:02100103>,"Ink Jet can be considered a more advanced form of Water Cannon─fitting, as both come courtesy of the kraken. The spell infuses aetherially concentrated water with whatever impure substances are most readily available to create and expel a synthetic “ink,” blinding opponents."
41,<hex:024804F201F803><hex:024904F201F903>Type: <hex:0249020103><hex:0248020103>Physical<hex:02100103><hex:024804F201F803><hex:024904F201F903>Damage: <hex:0249020103><hex:0248020103>Piercing<hex:02100103><hex:024804F201F803><hex:024904F201F903>Rank: <hex:0249020103><hex:0248020103>★<hex:02100103>,"The apkallu, in the wild, violently regurgitates its latest pescatarian meal at predators as a defense mechanism. In blue magic trials, Flying Sardine has proven to be an equally effective deterrent even when the sardine in question is not entirely physical, reliably shocking adversaries into silence."
42,<hex:024804F201F803><hex:024904F201F903>Type: <hex:0249020103><hex:0248020103>Magic<hex:02100103><hex:024804F201F803><hex:024904F201F903>Aspect: <hex:0249020103><hex:0248020103>None<hex:02100103><hex:024804F201F803><hex:024904F201F903>Rank: <hex:0249020103><hex:0248020103>★★★★<hex:02100103>,"Diamondback weaves earth-aspected aether into a hard mineral shield, mimicking what many describe as the “maddening” effect of shelled dragons' carapaces. Alas, though its defensive properties are superlative, its weight makes it impossible for the caster to move while under its aegis."
43,<hex:024804F201F803><hex:024904F201F903>Type: <hex:0249020103><hex:0248020103>Physical<hex:02100103><hex:024804F201F803><hex:024904F201F903>Damage: <hex:0249020103><hex:0248020103>Piercing/Fire<hex:02100103><hex:024804F201F803><hex:024904F201F903>Rank: <hex:0249020103><hex:0248020103>★★★<hex:02100103>,"In imitation of a martial technique passed down for generations by Mamool Ja tribes in the New World, this spell imbues a long-headed spear called an “angon”─or rather, an aetherial replica of the same─with fire-aspected aether and propels it across the field at enemy combatants."
44,<hex:024804F201F803><hex:024904F201F903>Type: <hex:0249020103><hex:0248020103>Magic<hex:02100103><hex:024804F201F803><hex:024904F201F903>Aspect: <hex:0249020103><hex:0248020103>Wind<hex:02100103><hex:024804F201F803><hex:024904F201F903>Rank: <hex:0249020103><hex:0248020103>★★★★★<hex:02100103>,"Feather Rain, as swift and brutal as most of Garuda's skills, puts the force of a gale behind a storm of sharp plumes, afflicting foes with innumerable cuts and lashes that cause lingering agony."
45,<hex:024804F201F803><hex:024904F201F903>Type: <hex:0249020103><hex:0248020103>Magic<hex:02100103><hex:024804F201F803><hex:024904F201F903>Aspect: <hex:0249020103><hex:0248020103>Fire<hex:02100103><hex:024804F201F803><hex:024904F201F903>Rank: <hex:0249020103><hex:0248020103>★★★★★<hex:02100103>,"Necessitating the skill to manipulate currents beneath the earth as Ifrit does, Eruption drives the fire within the land above ground in a burst of explosive flame, creating an effect similar to that of a volcano."
46,<hex:024804F201F803><hex:024904F201F903>Type: <hex:0249020103><hex:0248020103>Physical<hex:02100103><hex:024804F201F803><hex:024904F201F903>Damage: <hex:0249020103><hex:0248020103>Blunt/Earth<hex:02100103><hex:024804F201F803><hex:024904F201F903>Rank: <hex:0249020103><hex:0248020103>★★★★★<hex:02100103>,"In a devastating recreation of one of Titan's most fearsome techniques, Mountain Buster strikes opponents with an upheaval of earth-aspected aether, as if the land itself were ripping free of its confines to pulverize its defilers─or any unfortunate bystanders, as it were."
47,<hex:024804F201F803><hex:024904F201F903>Type: <hex:0249020103><hex:0248020103>Magic<hex:02100103><hex:024804F201F803><hex:024904F201F903>Aspect: <hex:0249020103><hex:0248020103>Lightning<hex:02100103><hex:024804F201F803><hex:024904F201F903>Rank: <hex:0249020103><hex:0248020103>★★★★★<hex:02100103>,"Shock Strike, never so imposing as when cast by Ramuh, calls down a bolt from the heavens. Though measurements are difficult to come by, its power is thought to far exceed that of levinbolts found in nature─indeed, it more closely resembles a warhammer crashing to the earth."
48,<hex:024804F201F803><hex:024904F201F903>Type: <hex:0249020103><hex:0248020103>Magic<hex:02100103><hex:024804F201F803><hex:024904F201F903>Aspect: <hex:0249020103><hex:0248020103>Ice<hex:02100103><hex:024804F201F803><hex:024904F201F903>Rank: <hex:0249020103><hex:0248020103>★★★★★<hex:02100103>,"To fully replicate this technique, beloved of Shiva, the blue mage calls forth a bow of aether from which she fires a hail of razor-sharp icicles. Those who knew the lady Ysayle believe that Glass Dance may have taken form from her memories of observing hunters in Tailfeather. "
49,<hex:024804F201F803><hex:024904F201F903>Type: <hex:0249020103><hex:0248020103>Magic<hex:02100103><hex:024804F201F803><hex:024904F201F903>Aspect: <hex:0249020103><hex:0248020103>Water<hex:02100103><hex:024804F201F803><hex:024904F201F903>Rank: <hex:0249020103><hex:0248020103>★★★★★<hex:02100103>,"This fearsome magic, inspired by Leviathan, creates an aqueous film of water collected from the atmosphere. Though a veil in the sense of offering protection from outside forces, it also functions as a mirror, reflecting foes' aether back upon them."
50,<hex:024804F201F803><hex:024904F201F903>Type: <hex:0249020103><hex:0248020103>Magic<hex:02100103><hex:024804F201F803><hex:024904F201F903>Aspect: <hex:0249020103><hex:0248020103>Wind<hex:02100103><hex:024804F201F803><hex:024904F201F903>Rank: <hex:0249020103><hex:0248020103>★★<hex:02100103>,"So fierce as to match the gales that pierce Abalathia's Spine, the gusting wind produced by this spell is commonly put to use by wild griffins in driving trespassers from their jealously guarded territory."
51,<hex:024804F201F803><hex:024904F201F903>Type: <hex:0249020103><hex:0248020103>Magic<hex:02100103><hex:024804F201F803><hex:024904F201F903>Aspect: <hex:0249020103><hex:0248020103>Water<hex:02100103><hex:024804F201F803><hex:024904F201F903>Rank: <hex:0249020103><hex:0248020103>★★★<hex:02100103>,"This technique originates with the living liquid, which coalesces about a hydrate core that allows it to dispense its own fluid in a violent flood. The magically reproduced version, correctly applied, is equally effective in sweeping away even the bulkiest of foes."
52,<hex:024804F201F803><hex:024904F201F903>Type: <hex:0249020103><hex:0248020103>Magic<hex:02100103><hex:024804F201F803><hex:024904F201F903>Aspect: <hex:0249020103><hex:0248020103>Ice<hex:02100103><hex:024804F201F803><hex:024904F201F903>Rank: <hex:0249020103><hex:0248020103>★★★★<hex:02100103>,"Owing to the unique refrigerant in its saliva, the yeti is able to chill its own breath to such great extent that said gust of air rapidly freezes ambient water-aspected aether. By magically generating a similar blizzard, the mage becomes particularly effective against foes afflicted with dropsy."
53,<hex:024804F201F803><hex:024904F201F903>Type: <hex:0249020103><hex:0248020103>Magic<hex:02100103><hex:024804F201F803><hex:024904F201F903>Aspect: <hex:0249020103><hex:0248020103>Lightning<hex:02100103><hex:024804F201F803><hex:024904F201F903>Rank: <hex:0249020103><hex:0248020103>★★<hex:02100103>,"This efficacious technique is, in nature, employed by the voracious sea serpent, which will spit a bubble of water that takes on the electric charge of the serpent's own scales─giving the creature's prey a rather nasty shock upon impact."
54,<hex:024804F201F803><hex:024904F201F903>Type: <hex:0249020103><hex:0248020103>Physical<hex:02100103><hex:024804F201F803><hex:024904F201F903>Damage: <hex:0249020103><hex:0248020103>Slashing<hex:02100103><hex:024804F201F803><hex:024904F201F903>Rank: <hex:0249020103><hex:0248020103>★★<hex:02100103>,"To employ this technique, it is first necessary to replicate the panzer doll's fearsome spear, which is then swung in an arc to cut foes down quicker than they can blink."
55,<hex:024804F201F803><hex:024904F201F903>Type: <hex:0249020103><hex:0248020103>Physical<hex:02100103><hex:024804F201F803><hex:024904F201F903>Damage: <hex:0249020103><hex:0248020103>Piercing<hex:02100103><hex:024804F201F803><hex:024904F201F903>Rank: <hex:0249020103><hex:0248020103>★★★★<hex:02100103>,"An arch demon specialty, Abyssal Transfixion weaves aether into a globe of blades that are then plunged inward to pierce a target in unison. This harrowing experience generally has the effect of paralyzing said target with a visceral terror, making it an invaluable addition to one's arsenal."
56,<hex:024804F201F803><hex:024904F201F903>Type: <hex:0249020103><hex:0248020103>Magic<hex:02100103><hex:024804F201F803><hex:024904F201F903>Aspect: <hex:0249020103><hex:0248020103>None<hex:02100103><hex:024804F201F803><hex:024904F201F903>Rank: <hex:0249020103><hex:0248020103>★<hex:02100103>,"This spell mimics the queer cry of the paissa, which is known to impart those who hear it with the answer to life, the universe, and everything─an experience to which the mind reacts by shutting down entirely, plunging its host into a deep slumber."
57,<hex:024804F201F803><hex:024904F201F903>Type: <hex:0249020103><hex:0248020103>Magic<hex:02100103><hex:024804F201F803><hex:024904F201F903>Aspect: <hex:0249020103><hex:0248020103>None<hex:02100103><hex:024804F201F803><hex:024904F201F903>Rank: <hex:0249020103><hex:0248020103>★★<hex:02100103>,"The empuse generates its Eerie Soundwave by rapidly vibrating parts of its body, emitting an unsettling tone that can only be described as “gods-awful.” Said tone can, however, be harnessed by the mage to disrupt certain harmonious aetherial frequencies and nullify their beneficial effects."
58,<hex:024804F201F803><hex:024904F201F903>Type: <hex:0249020103><hex:0248020103>Magic<hex:02100103><hex:024804F201F803><hex:024904F201F903>Aspect: <hex:0249020103><hex:0248020103>None<hex:02100103><hex:024804F201F803><hex:024904F201F903>Rank: <hex:0249020103><hex:0248020103>★★★<hex:02100103>,"This spell seems fundamentally no different from those used by the conjurers of Stillglade Fane, though upon inquiry as to its detailed workings, an anonymous moogle provided the following words of advice: “Stuff your pom with magic─you know, the sparkly kind─then go 'bwaaa'!”"
59,<hex:024804F201F803><hex:024904F201F903>Type: <hex:0249020103><hex:0248020103>Magic<hex:02100103><hex:024804F201F803><hex:024904F201F903>Aspect: <hex:0249020103><hex:0248020103>None<hex:02100103><hex:024804F201F803><hex:024904F201F903>Rank: <hex:0249020103><hex:0248020103>★★★★<hex:02100103>,"Only select goblins are privy to this technique, developed through unscrupulous scientific experimentation conducted by the Illuminati. It allows one to weave a thin, skintight veil of aether across their entire body, handily augmenting the usual defenses."
60,<hex:024804F201F803><hex:024904F201F903>Type: <hex:0249020103><hex:0248020103>Magic<hex:02100103><hex:024804F201F803><hex:024904F201F903>Aspect: <hex:0249020103><hex:0248020103>None<hex:02100103><hex:024804F201F803><hex:024904F201F903>Rank: <hex:0249020103><hex:0248020103>★★<hex:02100103>,"Memorably employed by Byblos, this technique, simply put, drops a massive metal─or, in many cases, aetherial─hammer directly upon a foe's pate with resounding impact. Such foes understandably find their mental acuity somewhat reduced thereafter."
61,<hex:024804F201F803><hex:024904F201F903>Type: <hex:0249020103><hex:0248020103>Magic<hex:02100103><hex:024804F201F803><hex:024904F201F903>Aspect: <hex:0249020103><hex:0248020103>None<hex:02100103><hex:024804F201F803><hex:024904F201F903>Rank: <hex:0249020103><hex:0248020103>★<hex:02100103>,"In nature, the queen hawk secretes a particular pheromone when threatened that encourages her adoring swarm to put itself in harm's way in her name. The astute caster may create a similar effect by magical means─acquiring herself a “meat shield,” as it were."
62,<hex:024804F201F803><hex:024904F201F903>Type: <hex:0249020103><hex:0248020103>Magic<hex:02100103><hex:024804F201F803><hex:024904F201F903>Aspect: <hex:0249020103><hex:0248020103>None<hex:02100103><hex:024804F201F803><hex:024904F201F903>Rank: <hex:0249020103><hex:0248020103>★<hex:02100103>,"This incantation-like song is evidently considered a toe-tapper by poroggos─and poroggos exclusively, for to all other creatures it sounds much like a frog being run over by a carriage. Brazenly chanting it without remorse, therefore, is an effective means of drawing ire when necessary."
63,<hex:024804F201F803><hex:024904F201F903>Type: <hex:0249020103><hex:0248020103>Magic<hex:02100103><hex:024804F201F803><hex:024904F201F903>Aspect: <hex:0249020103><hex:0248020103>Wind<hex:02100103><hex:024804F201F803><hex:024904F201F903>Rank: <hex:0249020103><hex:0248020103>★★★★<hex:02100103>,"A favored technique of the zu, who are able to perform it with a particularly vigorous flap of the wing, Sonic Boom produces a gust of wind-aspected aether so finely compressed that its lethality is oft likened unto that of a finely crafted blade."
64,<hex:024804F201F803><hex:024904F201F903>Type: <hex:0249020103><hex:0248020103>Magic<hex:02100103><hex:024804F201F803><hex:024904F201F903>Aspect: <hex:0249020103><hex:0248020103>None<hex:02100103><hex:024804F201F803><hex:024904F201F903>Rank: <hex:0249020103><hex:0248020103>★★★<hex:02100103>,"This technique is in fact one of psychological suggestion, albeit suggestion performed on the self. When the proper pitch is attained, the body will respond by producing adrenaline, which can be used to advantage in combat─or, if one happens to be a dhalmel, in attracting a mate."
65,<hex:024804F201F803><hex:024904F201F903>Type: <hex:0249020103><hex:0248020103>Magic<hex:02100103><hex:024804F201F803><hex:024904F201F903>Aspect: <hex:0249020103><hex:0248020103>None<hex:02100103><hex:024804F201F803><hex:024904F201F903>Rank: <hex:0249020103><hex:0248020103>★★<hex:02100103>,"Developed as an efficient means for subduing heretics, this spell unleashes a concentrated wave of aether that sears and warps the flesh, leaving its target pained and stumbling─particularly if said target has already succumbed to mental torments."
66,<hex:024804F201F803><hex:024904F201F903>Type: <hex:0249020103><hex:0248020103>Magic<hex:02100103><hex:024804F201F803><hex:024904F201F903>Aspect: <hex:0249020103><hex:0248020103>None<hex:02100103><hex:024804F201F803><hex:024904F201F903>Rank: <hex:0249020103><hex:0248020103>★★<hex:02100103>,"Never particularly concerned with mercy, the Holy See intended this spell to crush heretics' spirits with a mentally destabilizing beam of aether. If the target is already suffering from physical distress, all the better."
67,<hex:024804F201F803><hex:024904F201F903>Type: <hex:0249020103><hex:0248020103>Magic<hex:02100103><hex:024804F201F803><hex:024904F201F903>Aspect: <hex:0249020103><hex:0248020103>None<hex:02100103><hex:024804F201F803><hex:024904F201F903>Rank: <hex:0249020103><hex:0248020103>★★★★<hex:02100103>,"One of several voidsent curses that rely upon the hubris that living creatures fall prey to upon reaching certain growth malmstones, this spell twists its way into a victim's mind, causing such acute distress that the body's organs are forced to shut down."
68,<hex:024804F201F803><hex:024904F201F903>Type: <hex:0249020103><hex:0248020103>Magic<hex:02100103><hex:024804F201F803><hex:024904F201F903>Aspect: <hex:0249020103><hex:0248020103>None<hex:02100103><hex:024804F201F803><hex:024904F201F903>Rank: <hex:0249020103><hex:0248020103>★★<hex:02100103>,"This spell─particularly effective on the gullible─conjures a volley of illusory missiles, fooling foes into feeling as if they have met the singularly unpleasant fate of being fired upon by Garlean magitek and causing their bodies to react accordingly."
69,<hex:024804F201F803><hex:024904F201F903>Type: <hex:0249020103><hex:0248020103>Magic<hex:02100103><hex:024804F201F803><hex:024904F201F903>Aspect: <hex:0249020103><hex:0248020103>None<hex:02100103><hex:024804F201F803><hex:024904F201F903>Rank: <hex:0249020103><hex:0248020103>★★★★<hex:02100103>,"Employed to great effect by a certain godlike machine, the concentrated heat that comprises Perpetual Ray has the capacity to deaden nerve endings and sever links between mind and muscle. By directing the beam with particular finesse, the savvy mage can render a foe entirely immobile."
70,<hex:024804F201F803><hex:024904F201F903>Type: <hex:0249020103><hex:0248020103>Magic<hex:02100103><hex:024804F201F803><hex:024904F201F903>Aspect: <hex:0249020103><hex:0248020103>None<hex:02100103><hex:024804F201F803><hex:024904F201F903>Rank: <hex:0249020103><hex:0248020103>★<hex:02100103>,Wild sabotenders are believed to have developed this ability to channel their aether toward others as a means of protecting particularly fruitful members of their species─as survival in arid climes ever comes at a cost.
71,<hex:024804F201F803><hex:024904F201F903>Type: <hex:0249020103><hex:0248020103>Physical<hex:02100103><hex:024804F201F803><hex:024904F201F903>Damage: <hex:0249020103><hex:0248020103>Blunt<hex:02100103><hex:024804F201F803><hex:024904F201F903>Rank: <hex:0249020103><hex:0248020103>★★<hex:02100103>,"The Whalaqee are generally willing to pass on this close-quarter technique, which allows the mage to harness his own feelings of desperation at being driven closer to death and launch a last-ditch offensive. The name of the creature who originally possessed it, however, remains a closely guarded secret."
72,<hex:024804F201F803><hex:024904F201F903>Type: <hex:0249020103><hex:0248020103>Magic<hex:02100103><hex:024804F201F803><hex:024904F201F903>Aspect: <hex:0249020103><hex:0248020103>None<hex:02100103><hex:024804F201F803><hex:024904F201F903>Rank: <hex:0249020103><hex:0248020103>★★★★<hex:02100103>,"The origin of this revitalizing spell is steeped in mystery, as it requires healing aether be amplified through a familiar that appears for all the world to be a messenger from the heavens─a concept soundly at odds with Whalaqee religious beliefs."
73,<hex:024804F201F803><hex:024904F201F903>Type: <hex:0249020103><hex:0248020103>Magic<hex:02100103><hex:024804F201F803><hex:024904F201F903>Aspect: <hex:0249020103><hex:0248020103>None<hex:02100103><hex:024804F201F803><hex:024904F201F903>Rank: <hex:0249020103><hex:0248020103>★★<hex:02100103>,"This spell enhances the body's natural detoxification processes, stimulating organs and the growth of new tissue. Perhaps due to it having originated with wamourae, it feels much like shedding an old layer of scales."
74,<hex:024804F201F803><hex:024904F201F903>Type: <hex:0249020103><hex:0248020103>Magic<hex:02100103><hex:024804F201F803><hex:024904F201F903>Aspect: <hex:0249020103><hex:0248020103>Lightning<hex:02100103><hex:024804F201F803><hex:024904F201F903>Rank: <hex:0249020103><hex:0248020103>★★★<hex:02100103>,"This technique strikes a foe with a ball of concentrated electricity─accumulated by wild elder wyverns during their passage through the clouds, but eminently reproducible through magical means─the power of which causes its body to seize as if being crushed by monumental weight."
75,<hex:024804F201F803><hex:024904F201F903>Type: <hex:0249020103><hex:0248020103>Magic<hex:02100103><hex:024804F201F803><hex:024904F201F903>Aspect: <hex:0249020103><hex:0248020103>None<hex:02100103><hex:024804F201F803><hex:024904F201F903>Rank: <hex:0249020103><hex:0248020103>★<hex:02100103>,"No longer merely the domain of savage beasts, this technique, when reproduced by the blue mage, involves not the devouring of rent flesh, but rather heals and invigorates its caster through the absorption of aether."
76,<hex:024804F201F803><hex:024904F201F903>Type: <hex:0249020103><hex:0248020103>Magic<hex:02100103><hex:024804F201F803><hex:024904F201F903>Aspect: <hex:0249020103><hex:0248020103>None<hex:02100103><hex:024804F201F803><hex:024904F201F903>Rank: <hex:0249020103><hex:0248020103>★★★<hex:02100103>,"Invented by complete accident whilst a master mechanic attempted to manufacture an automaton that might monitor his lover's suspected illicit activities, and now a staple mechanism of mechanoscribes, Condensed Libra allows for the rapid analysis and amplification of a foe's weaknesses."
77,<hex:024804F201F803><hex:024904F201F903>Type: <hex:0249020103><hex:0248020103>Magic<hex:02100103><hex:024804F201F803><hex:024904F201F903>Aspect: <hex:0249020103><hex:0248020103>None<hex:02100103><hex:024804F201F803><hex:024904F201F903>Rank: <hex:0249020103><hex:0248020103>★★★★<hex:02100103>,"A useful little ability originating with the ghrah, Aetheric Mimicry allows the mage to match his aetherial wavelength to that of another person, granting the same benefits as their hard-won combat training."
78,<hex:024804F201F803><hex:024904F201F903>Type: <hex:0249020103><hex:0248020103>Magic<hex:02100103><hex:024804F201F803><hex:024904F201F903>Aspect: <hex:0249020103><hex:0248020103>Earth<hex:02100103><hex:024804F201F803><hex:024904F201F903>Rank: <hex:0249020103><hex:0248020103>★★★★★<hex:02100103>,"Favored by Ravana, this spell subtly manipulates earth-aspected aether to draw metallic particles from nearby mineral deposits, then propels them forward in an expansive wave to pierce foes' flesh like shrapnel."
79,<hex:024804F201F803><hex:024904F201F903>Type: <hex:0249020103><hex:0248020103>Magic<hex:02100103><hex:024804F201F803><hex:024904F201F903>Aspect: <hex:0249020103><hex:0248020103>None<hex:02100103><hex:024804F201F803><hex:024904F201F903>Rank: <hex:0249020103><hex:0248020103>★★★★★<hex:02100103>,"Calling upon a rain of aetherial stars like that delivered unto those who upset Sophia's precious harmony, this spell leaves foes shaking from both the impact of a sky fallen and the thought of what fell fate it may portend."
80,<hex:024804F201F803><hex:024904F201F903>Type: <hex:0249020103><hex:0248020103>Physical<hex:02100103><hex:024804F201F803><hex:024904F201F903>Damage: <hex:0249020103><hex:0248020103>Blunt<hex:02100103><hex:024804F201F803><hex:024904F201F903>Rank: <hex:0249020103><hex:0248020103>★★★★★<hex:02100103>,"The signature move of Brute Justice, this technique involves unleashing the full force of justice, delirium unsuspected, static tuned in to reason─before falling back right in with the system, falling back to the end."
81,<hex:024804F201F803><hex:024904F201F903>Type: <hex:0249020103><hex:0248020103>Physical<hex:02100103><hex:024804F201F803><hex:024904F201F903>Damage: <hex:0249020103><hex:0248020103>Piercing<hex:02100103><hex:024804F201F803><hex:024904F201F903>Rank: <hex:0249020103><hex:0248020103>★<hex:02100103>,"Originally developed by the Namazu as a spearfishing technique, this blindingly fast triple strike has proven just as effective against creatures more intent on devouring the fisher."
82,<hex:024804F201F803><hex:024904F201F903>Type: <hex:0249020103><hex:0248020103>Magic<hex:02100103><hex:024804F201F803><hex:024904F201F903>Aspect: <hex:0249020103><hex:0248020103>Lightning<hex:02100103><hex:024804F201F803><hex:024904F201F903>Rank: <hex:0249020103><hex:0248020103>★★<hex:02100103>,"The Namazu likely named this ability more for the pleasantly tingling current that energizes the caster, rather than the shocking bolt of devastation that smites the distant target. Devised by idle hunters who prefer to stay in one comfortable spot on the river, and strike at whatever swims into range."
83,<hex:024804F201F803><hex:024904F201F903>Type: <hex:0249020103><hex:0248020103>Magic<hex:02100103><hex:024804F201F803><hex:024904F201F903>Aspect: <hex:0249020103><hex:0248020103>None<hex:02100103><hex:024804F201F803><hex:024904F201F903>Rank: <hex:0249020103><hex:0248020103>★★★<hex:02100103>,"The dojun-maru employ this ability to weave a row of phantom tatami mats, which they then flip onto an enemy with stunning force. A true master of the technique can even imbue the creation with the faint scent of tatami straw. "
84,<hex:024804F201F803><hex:024904F201F903>Type: <hex:0249020103><hex:0248020103>Magic<hex:02100103><hex:024804F201F803><hex:024904F201F903>Aspect: <hex:0249020103><hex:0248020103>Ice<hex:02100103><hex:024804F201F803><hex:024904F201F903>Rank: <hex:0249020103><hex:0248020103>★★★★<hex:02100103>,"A mist dragon will instinctively cloak itself in a chilling fog, which allows it to freeze any aggressor foolish enough to test its defenses. Practitioners of this spell have discovered that the trick to not freezing oneself in the process is to surround the body with a pocket of warm air."
85,<hex:024804F201F803><hex:024904F201F903>Type: <hex:0249020103><hex:0248020103>Magic<hex:02100103><hex:024804F201F803><hex:024904F201F903>Aspect: <hex:0249020103><hex:0248020103>None<hex:02100103><hex:024804F201F803><hex:024904F201F903>Rank: <hex:0249020103><hex:0248020103>★★<hex:02100103>,"A paean to love favored by Lakshmi, this spell produces an explosion of light, the effect of which varies depending on the caster's mindset─a heart intent on harm will scorch foes caught in the blast, whilst a heart filled with mercy will mend the wounds of those held dear."
86,<hex:024804F201F803><hex:024904F201F903>Type: <hex:0249020103><hex:0248020103>Magic<hex:02100103><hex:024804F201F803><hex:024904F201F903>Aspect: <hex:0249020103><hex:0248020103>None<hex:02100103><hex:024804F201F803><hex:024904F201F903>Rank: <hex:0249020103><hex:0248020103>★★<hex:02100103>,"Cast by, of all things, a phantom train, this purifying light burns away restless spirits and consumes tainted souls. In Garlemald, where travel by machina is commonplace, the tale is told of a spectral locomotive whose passengers are the spirits of the dead..."
87,<hex:024804F201F803><hex:024904F201F903>Type: <hex:0249020103><hex:0248020103>Magic<hex:02100103><hex:024804F201F803><hex:024904F201F903>Aspect: <hex:0249020103><hex:0248020103>Earth<hex:02100103><hex:024804F201F803><hex:024904F201F903>Rank: <hex:0249020103><hex:0248020103>★<hex:02100103>,"The signature technique of Tokkapchi, this ability draws on earth-aspected aether to generate a stinging geyser of mud. Widely believed to deal additional psychological damage against opponents dressed in white."
88,<hex:024804F201F803><hex:024904F201F903>Type: <hex:0249020103><hex:0248020103>Magic<hex:02100103><hex:024804F201F803><hex:024904F201F903>Aspect: <hex:0249020103><hex:0248020103>None<hex:02100103><hex:024804F201F803><hex:024904F201F903>Rank: <hex:0249020103><hex:0248020103>★★★<hex:02100103>,A spell attributed to the guardian statues of the New World wherein the caster manifests a spread of aetherial treats with panacean properties. Those nourished by the feast find their wounds quickly closing─an effect which lingers when provided by a practitioner with knowledge of healing.
89,<hex:024804F201F803><hex:024904F201F903>Type: <hex:0249020103><hex:0248020103>Magic<hex:02100103><hex:024804F201F803><hex:024904F201F903>Aspect: <hex:0249020103><hex:0248020103>Water<hex:02100103><hex:024804F201F803><hex:024904F201F903>Rank: <hex:0249020103><hex:0248020103>★★★★<hex:02100103>,"A versatile technique utilized and perfected by Genbu, this magical barrier is formed of water-aspected aether. It works to soften incoming blows, storing energy that can later be unleashed in an explosive torrent."
90,<hex:024804F201F803><hex:024904F201F903>Type: <hex:0249020103><hex:0248020103>Magic<hex:02100103><hex:024804F201F803><hex:024904F201F903>Aspect: <hex:0249020103><hex:0248020103>None<hex:02100103><hex:024804F201F803><hex:024904F201F903>Rank: <hex:0249020103><hex:0248020103>★★<hex:02100103>,"This spell imitates the martial technique devised by Ivon Coeurlfist, which in turn mimics the “blaster” attack employed by wild coeurls. Upon casting, a ball of concentrated aether is propelled forward with sufficient force to knock back all but the most implacable opponents."
91,<hex:024804F201F803><hex:024904F201F903>Type: <hex:0249020103><hex:0248020103>Magic<hex:02100103><hex:024804F201F803><hex:024904F201F903>Aspect: <hex:0249020103><hex:0248020103>None<hex:02100103><hex:024804F201F803><hex:024904F201F903>Rank: <hex:0249020103><hex:0248020103>★★<hex:02100103>,"A behavior learned from certain species of coeurl, the caster rises to the challenge of losing comrades by tapping into a feral survival instinct. When all seems lost, or when simply treading where a lone mage was not meant to tread, unrestrained ferocity is sometimes the only way to win through.  "
92,<hex:024804F201F803><hex:024904F201F903>Type: <hex:0249020103><hex:0248020103>Magic<hex:02100103><hex:024804F201F803><hex:024904F201F903>Aspect: <hex:0249020103><hex:0248020103>None<hex:02100103><hex:024804F201F803><hex:024904F201F903>Rank: <hex:0249020103><hex:0248020103>★<hex:02100103>,"By manipulating aether to imitate the minute wingbeats of a kongamato, a caster generates an ultrasonic wave which ripples visibly through the surrounding air. The vibrations are lethal to frozen or petrified targets, causing them to shatter with dramatic force."
93,<hex:024804F201F803><hex:024904F201F903>Type: <hex:0249020103><hex:0248020103>Magic<hex:02100103><hex:024804F201F803><hex:024904F201F903>Aspect: <hex:0249020103><hex:0248020103>Ice<hex:02100103><hex:024804F201F803><hex:024904F201F903>Rank: <hex:0249020103><hex:0248020103>★★<hex:02100103>,"Contrary to expectation, the Blaze attack employed by Alte Roite manifests a swirling storm of ice. Some dismiss the spell's name as an odd jest made by the author of the novel in which the winged serpent was first referenced, while others claim the freezing lesions it causes resemble terrible burns."
94,<hex:024804F201F803><hex:024904F201F903>Type: <hex:0249020103><hex:0248020103>Magic<hex:02100103><hex:024804F201F803><hex:024904F201F903>Aspect: <hex:0249020103><hex:0248020103>Fire<hex:02100103><hex:024804F201F803><hex:024904F201F903>Rank: <hex:0249020103><hex:0248020103>★★★★<hex:02100103>,"A recreation of the terrible chemical explosive employed by Omega, this spell fires a bomb on an arcing trajectory which detonates on impact with the target. The attack is known to leave behind a pungent odor, not unlike mustard."
95,<hex:024804F201F803><hex:024904F201F903>Type: <hex:0249020103><hex:0248020103>Magic<hex:02100103><hex:024804F201F803><hex:024904F201F903>Aspect: <hex:0249020103><hex:0248020103>None<hex:02100103><hex:024804F201F803><hex:024904F201F903>Rank: <hex:0249020103><hex:0248020103>★★★<hex:02100103>,"A technique said to originate from the dragons of the New World, this ability cocoons the caster in a sphere of aetherial force which serves to blunt incoming attacks. There is some debate on whether the aforementioned “dragons” are truly of dragonkind, or merely a species of “dragon-like” scalekin."
96,<hex:024804F201F803><hex:024904F201F903>Type: <hex:0249020103><hex:0248020103>Magic<hex:02100103><hex:024804F201F803><hex:024904F201F903>Aspect: <hex:0249020103><hex:0248020103>None<hex:02100103><hex:024804F201F803><hex:024904F201F903>Rank: <hex:0249020103><hex:0248020103>★<hex:02100103>,"This spell, learned from the dhruva, summons forth a cluster of luminous projectiles which inflict multiple pinpoint wounds to all in their path. The jagged edges of these tiny lacerations bleed profusely, weakening the target and causing considerable pain."
97,<hex:024804F201F803><hex:024904F201F903>Type: <hex:0249020103><hex:0248020103>Magic<hex:02100103><hex:024804F201F803><hex:024904F201F903>Aspect: <hex:0249020103><hex:0248020103>Water<hex:02100103><hex:024804F201F803><hex:024904F201F903>Rank: <hex:0249020103><hex:0248020103>★★★★<hex:02100103>,"Commonly used amongst Kelpies, this spell generates a powerful current of water which draws in surrounding targets, with even low-flying cloudkin falling victim to its inexorable pull."
98,<hex:024804F201F803><hex:024904F201F903>Type: <hex:0249020103><hex:0248020103>Magic<hex:02100103><hex:024804F201F803><hex:024904F201F903>Aspect: <hex:0249020103><hex:0248020103>Water<hex:02100103><hex:024804F201F803><hex:024904F201F903>Rank: <hex:0249020103><hex:0248020103>★★<hex:02100103>,This example of sai taisui geomancy sends forth a surging wall of water which sweeps along all in its path─friend or foe. One cannot be too careful when toying with maledictions.
99,<hex:024804F201F803><hex:024904F201F903>Type: <hex:0249020103><hex:0248020103>Magic<hex:02100103><hex:024804F201F803><hex:024904F201F903>Aspect: <hex:0249020103><hex:0248020103>None<hex:02100103><hex:024804F201F803><hex:024904F201F903>Rank: <hex:0249020103><hex:0248020103>★<hex:02100103>,"A destructive ability employed by red chocobos wherein the dust and dirt in the area is drawn up into one solid mass, heated until it glows, then dropped on a target from on high. It is unsurprising, then, that these feathery fiends─also known as courser chocobos─are greeted with near-universal terror."
100,<hex:024804F201F803><hex:024904F201F903>Type: <hex:0249020103><hex:0248020103>Magic<hex:02100103><hex:024804F201F803><hex:024904F201F903>Aspect: <hex:0249020103><hex:0248020103>None<hex:02100103><hex:024804F201F803><hex:024904F201F903>Rank: <hex:0249020103><hex:0248020103>★★★<hex:02100103>,"A variety of magic employed by New World voidsent, this spell pummels the target with a barrage of incandescent orbs. Its name, likely familiar to scholars of the arcane, is said to have once encompassed the Whalaqee arts of near-death curses and converting life force into mana."
101,<hex:024804F201F803><hex:024904F201F903>Type: <hex:0249020103><hex:0248020103>Physical<hex:02100103><hex:024804F201F803><hex:024904F201F903>Damage: <hex:0249020103><hex:0248020103>Blunt<hex:02100103><hex:024804F201F803><hex:024904F201F903>Rank: <hex:0249020103><hex:0248020103>★★★★<hex:02100103>,"Omega's power reigned supreme within the interdimensional rift, allowing it to access a store of collected data and synthesize all manner of entities and objects─including giant, rocket-propelled fists of unyielding metal."
102,<hex:024804F201F803><hex:024904F201F903>Type: <hex:0249020103><hex:0248020103>Physical<hex:02100103><hex:024804F201F803><hex:024904F201F903>Damage: <hex:0249020103><hex:0248020103>Blunt<hex:02100103><hex:024804F201F803><hex:024904F201F903>Rank: <hex:0249020103><hex:0248020103>★★★★★<hex:02100103>,"This incantation seeks to emulate the supernatural might of the auspice Qitian Dasheng, with the caster leaping into the air, and spinning an elongated staff of pure aether in a whirlwind of brutal force."
103,<hex:024804F201F803><hex:024904F201F903>Type: <hex:0249020103><hex:0248020103>Physical<hex:02100103><hex:024804F201F803><hex:024904F201F903>Damage: <hex:0249020103><hex:0248020103>Blunt<hex:02100103><hex:024804F201F803><hex:024904F201F903>Rank: <hex:0249020103><hex:0248020103>★★★★★<hex:02100103>,"A technique employed by Suzaku, wherein the auspice unleashes a swift series of blurring kicks. The “phantom” half of the name is a somewhat nebulous reference to a constellation in Far Eastern astrology, the sign of which is said to bring good fortune in all matters...except that of matrimony."
104,<hex:024804F201F803><hex:024904F201F903>Type: <hex:0249020103><hex:0248020103>Magic<hex:02100103><hex:024804F201F803><hex:024904F201F903>Aspect: <hex:0249020103><hex:0248020103>None<hex:02100103><hex:024804F201F803><hex:024904F201F903>Rank: <hex:0249020103><hex:0248020103>★★★★★<hex:02100103>,"This extravagant technique belongs to Tsukuyomi, Lady of the Moon, whose malignant ire manifests as a field of flowers which then burst apart in a hail of deadly petals. Accept the inevitability of the grave, and the power of the nightbloom is yours to wield..."
105,<hex:024804F201F803><hex:024904F201F903>Type: <hex:0249020103><hex:0248020103>Physical<hex:02100103><hex:024804F201F803><hex:024904F201F903>Damage: <hex:0249020103><hex:0248020103>Blunt<hex:02100103><hex:024804F201F803><hex:024904F201F903>Rank: <hex:0249020103><hex:0248020103>★<hex:02100103>,"Favored by hobgoblins, this time-honored technique operates on the premise of “beating 'em senseless.” Blue mages strengthen the attack by channeling magic into their fists, which come to harbor even greater pummeling potential when coupled with the stones to face one's foe head-on."
106,<hex:024804F201F803><hex:024904F201F903>Type: <hex:0249020103><hex:0248020103>Physical<hex:02100103><hex:024804F201F803><hex:024904F201F903>Damage: <hex:0249020103><hex:0248020103>Blunt<hex:02100103><hex:024804F201F803><hex:024904F201F903>Rank: <hex:0249020103><hex:0248020103>★★<hex:02100103>,"This spell recreates the devastating way in which the greater armadillo swings an enormous boulder in its clawed tail as if wielding a flail. A boulder is conjured from aether and similarly swung at great speed, sending nearby foes flying."
107,<hex:024804F201F803><hex:024904F201F903>Type: <hex:0249020103><hex:0248020103>Magic<hex:02100103><hex:024804F201F803><hex:024904F201F903>Aspect: <hex:0249020103><hex:0248020103>None<hex:02100103><hex:024804F201F803><hex:024904F201F903>Rank: <hex:0249020103><hex:0248020103>★<hex:02100103>,"Certain species of armadillo have learned to channel aether into their shells, thus granting them the hardness of metal. A similar stratagem allows the blue mage to reflect physical blows back upon an attacker─though unfortunately, both armadillo and man still feel the intial, teeth-rattling impact."
108,<hex:024804F201F803><hex:024904F201F903>Type: <hex:0249020103><hex:0248020103>Magic<hex:02100103><hex:024804F201F803><hex:024904F201F903>Aspect: <hex:0249020103><hex:0248020103>None<hex:02100103><hex:024804F201F803><hex:024904F201F903>Rank: <hex:0249020103><hex:0248020103>★<hex:02100103>,"Particularly savvy armadillos are capable of healing themselves by drawing upon the moisture in the air, and by imitating this behavior, mages can enjoy the selfsame benefits─including flawless skin."
109,<hex:024804F201F803><hex:024904F201F903>Type: <hex:0249020103><hex:0248020103>Magic<hex:02100103><hex:024804F201F803><hex:024904F201F903>Aspect: <hex:0249020103><hex:0248020103>None<hex:02100103><hex:024804F201F803><hex:024904F201F903>Rank: <hex:0249020103><hex:0248020103>★★★<hex:02100103>,"Acquired from a species of crustacean native to the New World, this spell is executed by blending aether of multiple aspects and unleashing it in one fell blast. This has the effect of disrupting the target's aetheric balance, thereby gradually robbing them of vigor."
110,<hex:024804F201F803><hex:024904F201F903>Type: <hex:0249020103><hex:0248020103>Physical<hex:02100103><hex:024804F201F803><hex:024904F201F903>Damage: <hex:0249020103><hex:0248020103>Blunt<hex:02100103><hex:024804F201F803><hex:024904F201F903>Rank: <hex:0249020103><hex:0248020103>★★★★<hex:02100103>,"Embracing rage in the fashion of the spectral berserker allows one to unleash an unbridled wave of destruction. As many a parable will attest, however, anger is a double-edged sword; the spell consumes a great deal of energy, and the caster is advised to be wary of untimely exhaustion."
111,<hex:024804F201F803><hex:024904F201F903>Type: <hex:0249020103><hex:0248020103>Magic<hex:02100103><hex:024804F201F803><hex:024904F201F903>Aspect: <hex:0249020103><hex:0248020103>Earth<hex:02100103><hex:024804F201F803><hex:024904F201F903>Rank: <hex:0249020103><hex:0248020103>★★<hex:02100103>,"Taking a filthy page from the mudman, this spell coalesces earth-aspected aether into a clump of mud, which is hurled at enemies. Those who are struck bear stubborn mud stains that diminish their self-worth, causing a lingering enervation."
112,<hex:024804F201F803><hex:024904F201F903>Type: <hex:0249020103><hex:0248020103>Physical<hex:02100103><hex:024804F201F803><hex:024904F201F903>Damage: <hex:0249020103><hex:0248020103>Blunt<hex:02100103><hex:024804F201F803><hex:024904F201F903>Rank: <hex:0249020103><hex:0248020103>★★★<hex:02100103>,"Taking a spotless page from the Seeker of Solitude, this spell summons forth a magicked broom to sweep the area clean. Each mud stain it removes serves to affirm its self-worth, and it imparts that sense of well-being to the caster."
113,<hex:024804F201F803><hex:024904F201F903>Type: <hex:0249020103><hex:0248020103>Physical<hex:02100103><hex:024804F201F803><hex:024904F201F903>Damage: <hex:0249020103><hex:0248020103>Slashing<hex:02100103><hex:024804F201F803><hex:024904F201F903>Rank: <hex:0249020103><hex:0248020103>★★★★<hex:02100103>,"In order to extend its claws for a near-inescapable strike, the Ruby Weapon transforms energy generated by its advanced dynamo unit. Albeit on a smaller scale, the mage recreates this technique by channeling aether into numerous razor-sharp aetherial blades."
114,<hex:024804F201F803><hex:024904F201F903>Type: <hex:0249020103><hex:0248020103>Magic<hex:02100103><hex:024804F201F803><hex:024904F201F903>Aspect: <hex:0249020103><hex:0248020103>None<hex:02100103><hex:024804F201F803><hex:024904F201F903>Rank: <hex:0249020103><hex:0248020103>★★★★<hex:02100103>,"The language of the fae folk is composed of runes, symbols that harbor magic, and the faerie king Titania was partial to this one. When invoked, it emits an aetheric wave that resonates with the target's magical energies, making them surpassingly easy to extract. "
115,<hex:024804F201F803><hex:024904F201F903>Type: <hex:0249020103><hex:0248020103>Magic<hex:02100103><hex:024804F201F803><hex:024904F201F903>Aspect: <hex:0249020103><hex:0248020103>None<hex:02100103><hex:024804F201F803><hex:024904F201F903>Rank: <hex:0249020103><hex:0248020103>★★★★<hex:02100103>,"Employed by Eden Prime, this technique shifts the fabric of reality to trigger a powerful aetheric surge. While it inflicts considerable damage, it demands an extended casting period so as to allow mages to raise a protective barrier over themselves."
116,<hex:024804F201F803><hex:024904F201F903>Type: <hex:0249020103><hex:0248020103>Magic<hex:02100103><hex:024804F201F803><hex:024904F201F903>Aspect: <hex:0249020103><hex:0248020103>None<hex:02100103><hex:024804F201F803><hex:024904F201F903>Rank: <hex:0249020103><hex:0248020103>★★★<hex:02100103>,"Learned from the forgiven obscenity, this technique unleashes a beam of Light-aligned aether at opponents. Lest the responsible mage worry, being a scaled-down recreation, the spell does not possess the potency to transform living beings into sin eaters."
117,<hex:024804F201F803><hex:024904F201F903>Type: <hex:0249020103><hex:0248020103>Magic<hex:02100103><hex:024804F201F803><hex:024904F201F903>Aspect: <hex:0249020103><hex:0248020103>None<hex:02100103><hex:024804F201F803><hex:024904F201F903>Rank: <hex:0249020103><hex:0248020103>★★★<hex:02100103>,"Originally employed by Sephirot, the Fiend, to render foes vulnerable to attacks, this spell has been adapted for the mage's own protection. Due to the field's intrinsic instability, however, it cannot simultaneously grant both physical and magical benefits, only one or the other."
118,<hex:024804F201F803><hex:024904F201F903>Type: <hex:0249020103><hex:0248020103>Physical<hex:02100103><hex:024804F201F803><hex:024904F201F903>Damage: <hex:0249020103><hex:0248020103>Piercing<hex:02100103><hex:024804F201F803><hex:024904F201F903>Rank: <hex:0249020103><hex:0248020103>★★★<hex:02100103>,"This imitation of the Lightwarden Innocence's technique conjures up swords of Light that rain down from the heavens. Rumor has it Lord Vauthry used the technique to turn sin eaters into meol, which may explain why it appears to bring the caster closer to his perfection."
119,<hex:024804F201F803><hex:024904F201F903>Type: <hex:0249020103><hex:0248020103>Magic<hex:02100103><hex:024804F201F803><hex:024904F201F903>Aspect: <hex:0249020103><hex:0248020103>None<hex:02100103><hex:024804F201F803><hex:024904F201F903>Rank: <hex:0249020103><hex:0248020103>★★★<hex:02100103>,"Inspired by Eden's Promise, this spell uses the eyes as arcane circles through which aether is channeled─a principle also seen in techniques such as Glower. So concentrated in energy is the beam, it explodes upon contact. Chirurgeon's warning: excessive use may lead to chronic dry eyes."
120,<hex:024804F201F803><hex:024904F201F903>Type: <hex:0249020103><hex:0248020103>Magic<hex:02100103><hex:024804F201F803><hex:024904F201F903>Aspect: <hex:0249020103><hex:0248020103>None<hex:02100103><hex:024804F201F803><hex:024904F201F903>Rank: <hex:0249020103><hex:0248020103>★★<hex:02100103>,"Loosely based upon Aenc Thon's technique, which saw him wallop foes with a candy cane, this spell sweetens any duel with a rain of confections. The Fuath leader, for one, would not be averse to mages thus spreading the love."
121,<hex:024804F201F803><hex:024904F201F903>Type: <hex:0249020103><hex:0248020103>Magic<hex:02100103><hex:024804F201F803><hex:024904F201F903>Aspect: <hex:0249020103><hex:0248020103>Fire<hex:02100103><hex:024804F201F803><hex:024904F201F903>Rank: <hex:0249020103><hex:0248020103>★★★<hex:02100103>,"In battle, the familiar Lugus used this technique to create a veritable conflagration. That power is now yours to wield...albeit at a greatly diminished strength. Not wishing to be responsible for burning entire cities down, the Blue Mages' Guild opted to limit the flame's intensity to a gentle sear."
122,<hex:024804F201F803><hex:024904F201F903>Type: <hex:0249020103><hex:0248020103>Magic<hex:02100103><hex:024804F201F803><hex:024904F201F903>Aspect: <hex:0249020103><hex:0248020103>Water<hex:02100103><hex:024804F201F803><hex:024904F201F903>Rank: <hex:0249020103><hex:0248020103>★★★★★<hex:02100103>,"Part of the nixie's watery repertoire, this technique sends a swirling deluge crashing over enemies─rather too rough for its original purpose of delighting children, but it makes a fine addition to the blue mage's arsenal."
123,<hex:024804F201F803><hex:024904F201F903>Type: <hex:0249020103><hex:0248020103>Magic<hex:02100103><hex:024804F201F803><hex:024904F201F903>Aspect: <hex:0249020103><hex:0248020103>None<hex:02100103><hex:024804F201F803><hex:024904F201F903>Rank: <hex:0249020103><hex:0248020103>★★★★★<hex:02100103>,"While magic is ordinarily woven with words and symbols, this spell employed by the dread creation Therion harnesses the power of emotion to beget destruction. It is said that, if one can cling to the desire for oblivion, it is possible to sustain the ruinous effect indefinitely."
124,<hex:024804F201F803><hex:024904F201F903>Type: <hex:0249020103><hex:0248020103>Magic<hex:02100103><hex:024804F201F803><hex:024904F201F903>Aspect: <hex:0249020103><hex:0248020103>None<hex:02100103><hex:024804F201F803><hex:024904F201F903>Rank: <hex:0249020103><hex:0248020103>★★★★★<hex:02100103>,"The faerie king Titania's signature move, this spell embodies the disdain, pity, and delight that men's fleeting lives inspire in the fae folk. By weaving layers upon layers of runes to create a deadly maelstrom of magic, you too can remind others of their mortality...until you inevitably meet your own demise."
