key,0,2,18,19,20
#,Singular,Plural,,,
offset,0,4,16,20,24
int32,str,str,str,str,str
0,,,,,
1,company chocobo,company chocobos,SE_Bt_Etc_ChocoboWhistle,SE_Bt_Etc_ChocoboWhistle_only,SE_Bt_Etc_ChocoboBye
2,,,,,SE_Bt_Etc_ChocoboBye
3,,,,,SE_Bt_Etc_ChocoboBye
4,goobbue,goobbues,SE_Bt_Etc_GuuBooWhistle,SE_Bt_Etc_GuuBooWhistle_only,SE_Bt_Etc_GuuBooBye
5,legacy chocobo,legacy chocobos,SE_Bt_Etc_ChocoboWhistle,SE_Bt_Etc_ChocoboWhistle_only,SE_Bt_Etc_ChocoboBye
6,magitek armor,suits of magitek armor,SE_Bt_Etc_MadoWhistle,SE_Bt_Etc_MadoWhistle_only,SE_Bt_Etc_MadoBye
7,,,,,
8,coeurl,coeurls,SE_Bt_Etc_CuahrWhistle,SE_Bt_Etc_ChocoboWhistle_only,SE_Bt_Etc_CuahrBye
9,ahriman,ahrimans,SE_Bt_Etc_AhrimanWhistle,SE_Bt_Etc_ChocoboWhistle_only,SE_Bt_Etc_AhrimanBye
10,,,,,SE_Bt_Etc_ChocoboBye
11,,,,,SE_Bt_Etc_ChocoboBye
12,,,,,SE_Bt_Etc_ChocoboBye
13,,,,,SE_Bt_Etc_ChocoboBye
14,,,SE_Bt_Etc_MadoWhistle,SE_Bt_Etc_MadoWhistle_only,SE_Bt_Etc_MadoBye
15,unicorn,unicorns,SE_Bt_Etc_UnicornWhistle,SE_Bt_Etc_ChocoboWhistle_only,SE_Bt_Etc_UnicornBye
16,,,SE_Bt_Etc_MadoWhistle,SE_Bt_Etc_MadoWhistle_only,SE_Bt_Etc_MadoBye
17,,,SE_Bt_Etc_MadoWhistle,SE_Bt_Etc_MadoWhistle_only,SE_Bt_Etc_MadoBye
18,behemoth,behemoths,SE_Bt_Etc_BehemothWhistle,SE_Bt_Etc_GuuBooWhistle_only,SE_Bt_Etc_BehemothBye
19,cavalry drake,cavalry drakes,SE_Bt_Etc_TokageWhistle,SE_Bt_Etc_GuuBooWhistle_only,SE_Bt_Etc_TokageBye
20,laurel goobbue,laurel goobbues,SE_Bt_Etc_GuuBooWhistle,SE_Bt_Etc_GuuBooWhistle_only,SE_Bt_Etc_GuuBooBye
21,gilded magitek armor,suits of gilded magitek armor,SE_Bt_Etc_MadoWhistle,SE_Bt_Etc_MadoWhistle_only,SE_Bt_Etc_MadoBye
22,nightmare,nightmares,SE_Bt_Etc_UnicornWhistle,SE_Bt_Etc_ChocoboWhistle_only,SE_Bt_Etc_UnicornBye
23,,,SE_Bt_Etc_TokageWhistle,SE_Bt_Etc_GuuBooWhistle_only,SE_Bt_Etc_TokageBye
24,,,SE_Bt_Etc_GuuBooWhistle,SE_Bt_Etc_GuuBooWhistle_only,SE_Bt_Etc_GuuBooBye
25,fat chocobo,fat chocobos,SE_Bt_Etc_DebuCyokoboWhistle,SE_Bt_Etc_ChocoboWhistle_only,SE_Bt_Etc_DebuCyokoboBye
26,cavalry elbst,cavalry elbst,SE_Bt_Etc_WaterRizardWhistle,SE_Bt_Etc_GuuBooWhistle_only,SE_Bt_Etc_WaterRizardBye
27,bomb palanquin,bomb palanquins,SE_Bt_Etc_BomKikyuuWhistle,SE_Bt_Etc_GuuBooWhistle_only,SE_Bt_Etc_BomKikyuuBye
28,Aithon,Aithons,SE_Bt_Etc_UnicornWhistle,SE_Bt_Etc_GuuBooWhistle_only,SE_Bt_Etc_UnicornBye
29,Xanthos,Xanthoses,SE_Bt_Etc_UnicornWhistle,SE_Bt_Etc_GuuBooWhistle_only,SE_Bt_Etc_UnicornBye
30,Gullfaxi,Gullfaxis,SE_Bt_Etc_UnicornWhistle,SE_Bt_Etc_GuuBooWhistle_only,SE_Bt_Etc_UnicornBye
31,Enbarr,Enbarrs,SE_Bt_Etc_UnicornWhistle,SE_Bt_Etc_GuuBooWhistle_only,SE_Bt_Etc_UnicornBye
32,warlion,warlions,SE_Bt_Etc_LionWhistle,SE_Bt_Etc_GuuBooWhistle_only,SE_Bt_Etc_LionBye
33,warbear,warbears,SE_Bt_Etc_KumaWhistle,SE_Bt_Etc_GuuBooWhistle_only,SE_Bt_Etc_KumaBye
34,draught chocobo,draught chocobos,SE_Bt_Etc_ChocoboWhistle,SE_Bt_Etc_ChocoboWhistle_only,SE_Bt_Etc_ChocoboBye
35,direwolf,direwolves,SE_Bt_Etc_WolfWhistle,SE_Bt_Etc_GuuBooWhistle_only,SE_Bt_Etc_WolfBye
36,storm warsteed,storm warsteeds,SE_Bt_Etc_UnicornWhistle,SE_Bt_Etc_GuuBooWhistle_only,SE_Bt_Etc_UnicornBye
37,serpent warsteed,serpent warsteeds,SE_Bt_Etc_UnicornWhistle,SE_Bt_Etc_GuuBooWhistle_only,SE_Bt_Etc_UnicornBye
38,flame warsteed,flame warsteeds,SE_Bt_Etc_UnicornWhistle,SE_Bt_Etc_GuuBooWhistle_only,SE_Bt_Etc_UnicornBye
39,,,SE_Bt_Etc_WaterRizardWhistle,SE_Bt_Etc_GuuBooWhistle_only,SE_Bt_Etc_WaterRizardBye
40,Markab,Markabs,SE_Bt_Etc_UnicornWhistle,SE_Bt_Etc_GuuBooWhistle_only,SE_Bt_Etc_UnicornBye
41,ceremony chocobo,ceremony chocobos,SE_Bt_Etc_ChocoboWhistle,SE_Bt_Etc_ChocoboWhistle_only,SE_Bt_Etc_ChocoboBye
42,Sleipnir,Sleipnirs,SE_Bt_Etc_SleipnilWhistle,SE_Bt_Etc_GuuBooWhistle_only,SE_Bt_Etc_SleipnilBye
43,Boreas,Boreases,SE_Bt_Etc_UnicornWhistle,SE_Bt_Etc_GuuBooWhistle_only,SE_Bt_Etc_UnicornBye
44,parade chocobo,parade chocobos,SE_Bt_Etc_DebuCyokoboWhistle,SE_Bt_Etc_ChocoboWhistle_only,SE_Bt_Etc_DebuCyokoboBye
45,black chocobo,black chocobos,SE_Bt_Etc_ChocoboWhistle,SE_Bt_Etc_ChocoboWhistle_only,SE_Bt_Etc_ChocoboBye
46,adamantoise,adamantoises,SE_Bt_Etc_AdamanWhistle,SE_Bt_Etc_GuuBooWhistle_only,SE_Bt_Etc_AdamanBye
47,Kirin,Kirins,SE_Bt_Etc_KirinWhistle,SE_Bt_Etc_GuuBooWhistle_only,SE_Bt_Etc_KirinBye
48,logistics system,logistics systems,SE_Bt_Etc_DaragabWhistle,SE_Bt_Etc_MadoWhistle_only,SE_Bt_Etc_DaragabBye
49,Fenrir,Fenrirs,SE_Bt_Etc_FenrirWhistle,SE_Bt_Etc_GuuBooWhistle_only,SE_Bt_Etc_FenrirBye
50,Midgardsormr,Midgardsormrs,SE_Bt_Etc_DragoneWhistle,SE_Bt_Etc_GuuBooWhistle_only,SE_Bt_Etc_DragoneBye
51,,,,,
52,amber draught chocobo,amber draught chocobos,SE_Bt_Etc_ChocoboWhistle,SE_Bt_Etc_ChocoboWhistle_only,SE_Bt_Etc_ChocoboBye
53,sanuwa,sanuwas,SE_Bt_Etc_CeronWhistle,SE_Bt_Etc_GuuBooWhistle_only,SE_Bt_Etc_CeronBye
54,griffin,griffins,SE_Bt_Etc_GrifinWhistle,SE_Bt_Etc_GuuBooWhistle_only,SE_Bt_Etc_GrifinBye
55,manacutter,manacutters,SE_Bt_Etc_HitorinoriWhistle,SE_Bt_Etc_MadoWhistle_only,SE_Bt_Etc_HitorinoriBye
56,war panther,war panthers,SE_Bt_Etc_CuahrWhistle,SE_Bt_Etc_ChocoboWhistle_only,SE_Bt_Etc_CuahrBye
57,,,SE_Bt_Etc_ChocoboWhistle,SE_Bt_Etc_ChocoboWhistle_only,SE_Bt_Etc_ChocoboBye
58,gobwalker,gobwalkers,SE_Bt_Etc_GobrinTunkWhistle,SE_Bt_Etc_MadoWhistle_only,SE_Bt_Etc_GobrinTunkBye
59,Twintania,Twintanias,SE_Bt_Etc_TwinTaniaWhistle,SE_Bt_Etc_GuuBooWhistle_only,SE_Bt_Etc_TwinTaniaBye
60,,,SE_Bt_Etc_GobrinTunkWhistle,SE_Bt_Etc_MadoWhistle_only,SE_Bt_Etc_GobrinTunkBye
61,,,SE_Bt_Etc_GobrinTunkWhistle,SE_Bt_Etc_MadoWhistle_only,SE_Bt_Etc_GobrinTunkBye
62,witch's broom,witch's brooms,SE_Bt_Etc_HoukiWhistle,SE_Bt_Etc_GuuBooWhistle_only,SE_Bt_Etc_HoukiBye
63,,,SE_Bt_Etc_HoukiWhistle,SE_Bt_Etc_GuuBooWhistle_only,SE_Bt_Etc_HoukiBye
64,,,,,
65,,,,,
66,,,SE_Bt_Etc_CeronWhistle,SE_Bt_Etc_GuuBooWhistle_only,SE_Bt_Etc_CeronBye
67,pegasus,pegasi,SE_Bt_Etc_UnicornWhistle,SE_Bt_Etc_GuuBooWhistle_only,SE_Bt_Etc_UnicornBye
68,White Devil,White Devils,SE_Bt_Etc_MadoWhistle,SE_Bt_Etc_MadoWhistle_only,SE_Bt_Etc_MadoBye
69,Red Baron,Red Barons,SE_Bt_Etc_MadoWhistle,SE_Bt_Etc_MadoWhistle_only,SE_Bt_Etc_MadoBye
70,wyvern,wyverns,SE_Bt_Etc_TwinTaniaWhistle,SE_Bt_Etc_GuuBooWhistle_only,SE_Bt_Etc_TwinTaniaBye
71,SDS Fenrir,SDS Fenrirs,SE_Bt_Etc_BikeWhistle,SE_Bt_Etc_MadoWhistle_only,SE_Bt_Etc_BikeBye
72,kongamato,kongamato,SE_Bt_Etc_EnsaWhistle,SE_Bt_Etc_GuuBooWhistle_only,SE_Bt_Etc_EnsaBye
73,zu,zu,SE_Bt_Etc_ZooWhistle,SE_Bt_Etc_GuuBooWhistle_only,SE_Bt_Etc_ZooBye
74,bennu,bennus,SE_Bt_Etc_BennuWhistle,SE_Bt_Etc_GuuBooWhistle_only,SE_Bt_Etc_BennuWhistle_only
75,white lanner,white lanners,SE_Bt_Etc_BirdWhistle,SE_Bt_Etc_GuuBooWhistle_only,SE_Bt_Etc_BirdBye
76,rose lanner,rose lanners,SE_Bt_Etc_BirdWhistle,SE_Bt_Etc_GuuBooWhistle_only,SE_Bt_Etc_BirdBye
77,round lanner,round lanners,SE_Bt_Etc_BirdWhistle,SE_Bt_Etc_GuuBooWhistle_only,SE_Bt_Etc_BirdBye
78,warring lanner,warring lanners,SE_Bt_Etc_BirdWhistle,SE_Bt_Etc_GuuBooWhistle_only,SE_Bt_Etc_BirdBye
79,,,SE_Bt_Etc_EnsaWhistle,SE_Bt_Etc_GuuBooWhistle_only,SE_Bt_Etc_EnsaBye
80,Gloria-class airship,Gloria-class airships,SE_Bt_Etc_CyoukogataWhistle,SE_Bt_Etc_MadoWhistle_only,SE_Bt_Etc_CyoukogataBye
81,flying cumulus,flying cumuli,SE_Bt_Etc_KintounWhistle,SE_Bt_Etc_GuuBooWhistle_only,SE_Bt_Etc_KintounBye
82,original fat chocobo,original fat chocobos,SE_Bt_Etc_DebuCyokoboWhistle,SE_Bt_Etc_ChocoboWhistle_only,SE_Bt_Etc_DebuCyokoboBye
83,Astrope,Astropes,SE_Bt_Etc_UnicornWhistle,SE_Bt_Etc_GuuBooWhistle_only,SE_Bt_Etc_UnicornBye
84,fat moogle,fat moogles,SE_Bt_Etc_MogKikyuuWhistle,SE_Bt_Etc_GuuBooWhistle_only,SE_Bt_Etc_MogKikyuuBye
85,,,SE_Bt_Etc_WaterRizardWhistle,SE_Bt_Etc_GuuBooWhistle_only,SE_Bt_Etc_WaterRizardBye
86,cloud mallow,cloud mallows,SE_Bt_Etc_PopoWhistle,SE_Bt_Etc_GuuBooWhistle_only,SE_Bt_Etc_PopoBye
87,Whisper-go,Whisper-gos,SE_Bt_Etc_YoukaiWhistle,SE_Bt_Etc_GuuBooWhistle_only,SE_Bt_Etc_YoukaiBye
88,,,SE_Bt_Etc_TwinTaniaWhistle,SE_Bt_Etc_GuuBooWhistle_only,SE_Bt_Etc_TwinTaniaBye
89,,,SE_Bt_Etc_PopoWhistle,SE_Bt_Etc_GuuBooWhistle_only,SE_Bt_Etc_PopoBye
90,dark lanner,dark lanners,SE_Bt_Etc_BirdWhistle,SE_Bt_Etc_GuuBooWhistle_only,SE_Bt_Etc_BirdBye
91,aerodynamics system,aerodynamics systems,SE_Bt_Etc_DaragabWhistle,SE_Bt_Etc_MadoWhistle_only,SE_Bt_Etc_DaragabBye
92,disembodied head,disembodied heads,SE_Bt_Etc_AhrimanWhistle,SE_Bt_Etc_ChocoboWhistle_only,SE_Bt_Etc_AhrimanBye
93,managarm,managarms,SE_Bt_Etc_FenrirWhistle,SE_Bt_Etc_GuuBooWhistle_only,SE_Bt_Etc_FenrirBye
94,Whisper A-go-go,Whisper A-go-gos,SE_Bt_Etc_YoukaiWhistle,SE_Bt_Etc_GuuBooWhistle_only,SE_Bt_Etc_YoukaiBye
95,Goten,Gotens,SE_Bt_Etc_GaroWhistle,SE_Bt_Etc_GuuBooWhistle_only,SE_Bt_Etc_GaroBye
96,Ginga,Gingas,SE_Bt_Etc_GaroWhistle,SE_Bt_Etc_GuuBooWhistle_only,SE_Bt_Etc_GaroBye
97,mystic panda,mystic pandas,SE_Bt_Etc_PandaWhistle,SE_Bt_Etc_GuuBooWhistle_only,SE_Bt_Etc_PandaBye
98,Sophic lanner,Sophic lanners,SE_Bt_Etc_BirdWhistle,SE_Bt_Etc_GuuBooWhistle_only,SE_Bt_Etc_BirdBye
99,Starlight bear,Starlight bears,SE_Bt_Etc_XmasKumaWhistle,SE_Bt_Etc_GuuBooWhistle_only,SE_Bt_Etc_XmasKumaBye
100,black pegasus,black pegasi,SE_Bt_Etc_UnicornWhistle,SE_Bt_Etc_GuuBooWhistle_only,SE_Bt_Etc_UnicornBye
101,Arrhidaeus,Arrhidaei,SE_Bt_Etc_AlxWhistle,SE_Bt_Etc_MadoWhistle_only,SE_Bt_Etc_AlxBye
102,Raigo,Raigos,SE_Bt_Etc_GaroWhistle,SE_Bt_Etc_GuuBooWhistle_only,SE_Bt_Etc_GaroBye
103,Red Baron,Red Barons,SE_Bt_Etc_MadoWhistle,SE_Bt_Etc_MadoWhistle_only,SE_Bt_Etc_MadoBye
104,Demonic lanner,Demonic lanners,SE_Bt_Etc_BirdWhistle,SE_Bt_Etc_GuuBooWhistle_only,SE_Bt_Etc_BirdBye
105,Firebird,Firebirds,SE_Bt_Etc_HououWhistle,SE_Bt_Etc_HououBye,SE_Bt_Etc_HououBye
106,eggshilaration system,eggshilaration systems,SE_Bt_Etc_DaragabWhistle,SE_Bt_Etc_MadoWhistle_only,SE_Bt_Etc_EggBye
107,,,SE_Bt_Etc_DaragabWhistle,SE_Bt_Etc_MadoWhistle_only,SE_Bt_Etc_EggBye
108,lone hellhound,lone hellhounds,SE_Bt_Etc_FenrirWhistle,SE_Bt_Etc_GuuBooWhistle_only,SE_Bt_Etc_FenrirBye
109,pack hellhound,pack hellhounds,SE_Bt_Etc_FenrirWhistle,SE_Bt_Etc_GuuBooWhistle_only,SE_Bt_Etc_FenrirBye
110,Archon throne,Archon thrones,SE_Bt_Etc_IsuWhistle,SE_Bt_Etc_GuuBooWhistle_only,SE_Bt_Etc_IsuBye
111,Syldra,Syldras,SE_Bt_Etc_ShirudoraWhistle,SE_Bt_Etc_GuuBooWhistle_only,SE_Bt_Etc_ShirudoraBye
112,Falcon,Falcons,SE_Bt_Etc_HitorinoriWhistle,SE_Bt_Etc_GuuBooWhistle_only,SE_Bt_Etc_HitorinoriBye
113,lone faehound,lone faehounds,SE_Bt_Etc_FenrirWhistle,SE_Bt_Etc_GuuBooWhistle_only,SE_Bt_Etc_FenrirBye
114,pack faehound,pack faehounds,SE_Bt_Etc_FenrirWhistle,SE_Bt_Etc_GuuBooWhistle_only,SE_Bt_Etc_FenrirBye
115,blissful kamuy,blissful kamuy,SE_Bt_Etc_InugamiWhistle,SE_Bt_Etc_GuuBooWhistle_only,SE_Bt_Etc_InugamiBye
116,reveling kamuy,reveling kamuy,SE_Bt_Etc_InugamiWhistle,SE_Bt_Etc_GuuBooWhistle_only,SE_Bt_Etc_InugamiBye
117,,,SE_Bt_Etc_HarpieWhistle,SE_Bt_Etc_HarpieWhistle_only,SE_Bt_Etc_HarpieBye
118,,,SE_Bt_Etc_MantaWhistle,SE_Bt_Etc_GuuBooWhistle_only,SE_Bt_Etc_MantaBye
119,,,SE_Bt_Etc_BirdWhistle,SE_Bt_Etc_GuuBooWhistle_only,SE_Bt_Etc_BirdBye
120,,,SE_Bt_Etc_UnicornWhistle,SE_Bt_Etc_GuuBooWhistle_only,SE_Bt_Etc_UnicornBye
121,magitek predator,magitek predators,SE_Bt_Etc_MadoWhistle,SE_Bt_Etc_MadoWhistle_only,SE_Bt_Etc_MadoBye
122,battle lion,battle lions,SE_Bt_Etc_LionWhistle,SE_Bt_Etc_GuuBooWhistle_only,SE_Bt_Etc_LionBye
123,battle bear,battle bears,SE_Bt_Etc_KumaWhistle,SE_Bt_Etc_GuuBooWhistle_only,SE_Bt_Etc_KumaBye
124,battle panther,battle panthers,SE_Bt_Etc_CuahrWhistle,SE_Bt_Etc_GuuBooWhistle_only,SE_Bt_Etc_CuahrBye
125,yol,yols,SE_Bt_Etc_HarpieWhistle,SE_Bt_Etc_HarpieWhistle_only,SE_Bt_Etc_HarpieBye
126,Alte Roite,Alte Roites,SE_Bt_Etc_JuraeibisWhistle,SE_Bt_Etc_GuuBooWhistle_only,SE_Bt_Etc_JuraeibisBye
127,Centurio tiger,Centurio tigers,SE_Bt_Etc_ToraWhistle,SE_Bt_Etc_GuuBooWhistle_only,SE_Bt_Etc_ToraBye
128,commandeered magitek armor,commandeered magitek armors,SE_Bt_Etc_MadoWhistle,SE_Bt_Etc_MadoWhistle_only,SE_Bt_Etc_MadoBye
129,,,SE_Bt_Etc_MantaWhistle,SE_Bt_Etc_GuuBooWhistle_only,SE_Bt_Etc_MantaBye
130,Ixion,Ixions,SE_Bt_Etc_IxionWhistle,SE_Bt_Etc_GuuBooWhistle_only,SE_Bt_Etc_IxionBye
131,,,SE_Bt_Etc_GobrinTunkWhistle,SE_Bt_Etc_MadoWhistle_only,SE_Bt_Etc_GobrinTunkBye
132,,,SE_Bt_Etc_GobrinTunkWhistle,SE_Bt_Etc_MadoWhistle_only,SE_Bt_Etc_GobrinTunkBye
133,legendary kamuy,legendary kamuy,SE_Bt_Etc_InugamiWhistle,SE_Bt_Etc_GuuBooWhistle_only,SE_Bt_Etc_InugamiBye
134,,,SE_Bt_Etc_XmasKumaWhistle,SE_Bt_Etc_GuuBooWhistle_only,SE_Bt_Etc_XmasKumaBye
135,Nezha chariot,Nezha chariots,SE_Bt_Etc_FuukaNirinWhistle,SE_Bt_Etc_GuuBooWhistle_only,SE_Bt_Etc_FuukaNirinBye
136,striped ray,striped rays,SE_Bt_Etc_MantaWhistle,SE_Bt_Etc_GuuBooWhistle_only,SE_Bt_Etc_MantaBye
137,,,SE_Bt_Etc_MantaWhistle,SE_Bt_Etc_GuuBooWhistle_only,SE_Bt_Etc_MantaBye
138,Aquamarine Carbuncle,Aquamarine Carbuncles,SE_Bt_Etc_CarbuncleWhistle,SE_Bt_Etc_HarpieWhistle_only,SE_Bt_Etc_CarbuncleBye
139,Citrine Carbuncle,Citrine Carbuncles,SE_Bt_Etc_CarbuncleWhistle,SE_Bt_Etc_HarpieWhistle_only,SE_Bt_Etc_CarbuncleBye
140,flying chair,flying chairs,SE_Bt_Etc_LanosceasofaWhistle,SE_Bt_Etc_GuuBooWhistle_only,SE_Bt_Etc_LanosceasofaBye
141,magitek avenger,magitek avengers,SE_Bt_Etc_MekagoriraWhistle,SE_Bt_Etc_MadoWhistle_only,SE_Bt_Etc_MekagoriraBye
142,korpokkur kolossus,korpokkur kolossi,SE_Bt_Etc_MarimokunWhistle,SE_Bt_Etc_GuuBooWhistle_only,SE_Bt_Etc_MarimokunBye
143,Red Hare,Red Hares,SE_Bt_Etc_SekitobaWhistle,SE_Bt_Etc_GuuBooWhistle_only,SE_Bt_Etc_SekitobaBye
144,auspicious kamuy,auspicious kamuy,SE_Bt_Etc_InugamiWhistle,SE_Bt_Etc_GuuBooWhistle_only,SE_Bt_Etc_InugamiBye
145,magitek death claw,magitek death claws,SE_Bt_Etc_DeathClawWhistle,SE_Bt_Etc_MadoWhistle_only,SE_Bt_Etc_DeathClawBye
146,marid,marids,SE_Bt_Etc_ElephantWhistle,SE_Bt_Etc_GuuBooWhistle_only,SE_Bt_Etc_ElephantBye
147,marid,marids,SE_Bt_Etc_ElephantWhistle,SE_Bt_Etc_GuuBooWhistle_only,SE_Bt_Etc_ElephantBye
148,true griffin,true griffins,SE_Bt_Etc_GrifinWhistle,SE_Bt_Etc_GuuBooWhistle_only,SE_Bt_Etc_GrifinBye
149,true griffin,true griffins,SE_Bt_Etc_GrifinWhistle,SE_Bt_Etc_GuuBooWhistle_only,SE_Bt_Etc_GrifinBye
150,tyrannosaur,tyrannosaurs,SE_Bt_Etc_TRexWhistle,SE_Bt_Etc_GuuBooWhistle_only,SE_Bt_Etc_TRexBye
151,Regalia Type-G,Regalia Type-Gs,SE_Bt_Etc_CarWhistle,SE_Bt_Etc_MadoWhistle_only,SE_Bt_Etc_CarBye
152,broken heart (right),broken hearts (right),SE_Bt_Etc_RightHeartWhistle,SE_Bt_Etc_GuuBooWhistle_only,SE_Bt_Etc_RightHeartBye
153,broken heart (left),broken hearts (left),SE_Bt_Etc_RightHeartWhistle,SE_Bt_Etc_GuuBooWhistle_only,SE_Bt_Etc_RightHeartBye
154,Typhon,Typhons,SE_Bt_Etc_TyuponeWhistle,SE_Bt_Etc_GuuBooWhistle_only,SE_Bt_Etc_TyuponeBye
155,,,SE_Bt_Etc_TyuponeWhistle,SE_Bt_Etc_GuuBooWhistle_only,SE_Bt_Etc_TyuponeBye
156,Air Force,Air Forces,SE_Bt_Etc_AirForceWhistle,SE_Bt_Etc_GuuBooWhistle_only,SE_Bt_Etc_AirForceBye
157,,,SE_Bt_Etc_AirForceWhistle,SE_Bt_Etc_GuuBooWhistle_only,SE_Bt_Etc_AirForceBye
158,lunar kamuy,lunar kamuy,SE_Bt_Etc_InugamiWhistle,SE_Bt_Etc_GuuBooWhistle_only,SE_Bt_Etc_InugamiBye
159,dodo,dodos,SE_Bt_Etc_DodoWhistle,SE_Bt_Etc_GuuBooWhistle_only,SE_Bt_Etc_DodoBye
160,Indigo whale,Indigo whales,SE_Bt_Etc_KujiraWhistle,SE_Bt_Etc_GuuBooWhistle_only,SE_Bt_Etc_KujiraBye
161,Rathalos,Rathaloses,SE_Bt_Etc_NIKUBossWhistle,SE_Bt_Etc_GuuBooWhistle_only,SE_Bt_Etc_NIKUBossBye
162,magitek conveyor,magitek conveyors,SE_Bt_Etc_HakaseIsuWhistle,SE_Bt_Etc_MadoWhistle_only,SE_Bt_Etc_HakaseIsuBye
163,prototype conveyor,prototype conveyors,SE_Bt_Etc_HakaseIsuWhistle,SE_Bt_Etc_MadoWhistle_only,SE_Bt_Etc_HakaseIsuBye
164,mikoshi,mikoshi,SE_Bt_Etc_NamazuoWhistle,SE_Bt_Etc_GuuBooWhistle_only,SE_Bt_Etc_NamazuoBye
165,,,SE_Bt_Etc_NamazuoWhistle,SE_Bt_Etc_GuuBooWhistle_only,SE_Bt_Etc_NamazuoBye
166,Juedi,Juedis,SE_Bt_Etc_SekitobaWhistle,SE_Bt_Etc_GuuBooWhistle_only,SE_Bt_Etc_SekitobaBye
167,logistics node,logistics nodes,SE_Bt_Etc_DaragabWhistle,SE_Bt_Etc_MadoWhistle_only,SE_Bt_Etc_DaragabBye
168,safeguard system,safeguard systems,SE_Bt_Etc_DaragabWhistle,SE_Bt_Etc_MadoWhistle_only,SE_Bt_Etc_DaragabBye
169,,,SE_Bt_Etc_UnicornWhistle,SE_Bt_Etc_GuuBooWhistle_only,SE_Bt_Etc_UnicornBye
170,Grani,Granis,SE_Bt_Etc_DarkUnicornWhistle,SE_Bt_Etc_GuuBooWhistle_only,SE_Bt_Etc_DarkUnicornBye
171,fatter cat,fatter cats,SE_Bt_Etc_DebuNekoWhistle,SE_Bt_Etc_GuuBooWhistle_only,SE_Bt_Etc_DebuNekoBye
172,euphonious kamuy,euphonious kamuy,SE_Bt_Etc_InugamiWhistle,SE_Bt_Etc_GuuBooWhistle_only,SE_Bt_Etc_InugamiBye
173,Model O,Model Os,SE_Bt_Etc_OmegaWhistle,SE_Bt_Etc_MadoWhistle_only,SE_Bt_Etc_OmegaBye
174,magitek sky armor,magitek sky armors,SE_Bt_Etc_SyumitWhistle,SE_Bt_Etc_MadoWhistle_only,SE_Bt_Etc_SyumitBye
175,magicked carpet,magicked carpets,SE_Bt_Etc_JuutanWhistle,SE_Bt_Etc_GuuBooWhistle_only,SE_Bt_Etc_JuutanBye
176,magna roader,magna roaders,SE_Bt_Etc_MagunarodersWhistle,SE_Bt_Etc_MadoWhistle_only,SE_Bt_Etc_MagunarodersBye
177,fat black chocobo,fat black chocobos,SE_Bt_Etc_DebuCyokoboWhistle,SE_Bt_Etc_ChocoboWhistle_only,SE_Bt_Etc_DebuCyokoboBye
178,Eldthurs,Eldthursar,SE_Bt_Etc_FireIetyWhistle,SE_Bt_Etc_GuuBooWhistle_only,SE_Bt_Etc_FireIetyBye
179,maxima roader,maxima roaders,SE_Bt_Etc_MagunarodersWhistle,SE_Bt_Etc_MadoWhistle_only,SE_Bt_Etc_MagunarodersBye
180,Sabotender Emperador,Sabotender Emperadors,SE_Bt_Etc_SabotenderWhistle,SE_Bt_Etc_GuuBooWhistle_only,SE_Bt_Etc_SabotenderBye
181,kamuy of the Nine Tails,kamuy of the Nine Tails,SE_Bt_Etc_KyuubiWhistle,SE_Bt_Etc_GuuBooWhistle_only,SE_Bt_Etc_KyuubiBye
182,hallowed kamuy,hallowed kamuy,SE_Bt_Etc_InugamiWhistle,SE_Bt_Etc_GuuBooWhistle_only,SE_Bt_Etc_InugamiBye
183,war tiger,war tigers,SE_Bt_Etc_ToraWhistle,SE_Bt_Etc_GuuBooWhistle_only,SE_Bt_Etc_ToraBye
184,Eurekan petrel,Eurekan petrels,SE_Bt_Etc_UmiushiWhistle,SE_Bt_Etc_GuuBooWhistle_only,SE_Bt_Etc_UmiushiBye
185,magitek avenger A1,magitek avengers A1,SE_Bt_Etc_MekagoriraWhistle,SE_Bt_Etc_MadoWhistle_only,SE_Bt_Etc_MekagoriraBye
186,Demi-Ozma,Demi-Ozmas,SE_Bt_Etc_OzmanWhistle,SE_Bt_Etc_GuuBooWhistle_only,SE_Bt_Etc_OzmaBye
187,amaro,amaro,SE_Bt_Etc_RakudaDragoneWhistle,SE_Bt_Etc_GuuBooWhistle_only,SE_Bt_Etc_RakudaDragoneBye
188,skyslipper,skyslippers,SE_Bt_Etc_HoverWhistle,SE_Bt_Etc_MadoWhistle_only,SE_Bt_Etc_HoverBye
189,fae gwiber,fae gwibers,SE_Bt_Etc_BanshinryuuWhistle,SE_Bt_Etc_GuuBooWhistle_only,SE_Bt_Etc_BanshinryuuBye
190,triceratops,triceratopses,SE_Bt_Etc_TorikeratopusuWhistle,SE_Bt_Etc_GuuBooWhistle_only,SE_Bt_Etc_TorikeratopusuBye
191,ironfrog mover,ironfrog movers,SE_Bt_Etc_DowarfWhistle,SE_Bt_Etc_GuuBooWhistle_only,SE_Bt_Etc_DowarfBye
192,innocent gwiber,innocent gwibers,SE_Bt_Etc_BanshinryuuWhistle,SE_Bt_Etc_GuuBooWhistle_only,SE_Bt_Etc_BanshinryuuBye
193,magicked bed,magicked beds,SE_Bt_Etc_ShroudBedWhistle,SE_Bt_Etc_GuuBooWhistle_only,SE_Bt_Etc_ShroudBedBye
194,Circus ahriman,Circus ahrimans,SE_Bt_Etc_AhrimanWhistle,SE_Bt_Etc_ChocoboWhistle_only,SE_Bt_Etc_AhrimanBye
195,sunspun cumulus,sunspun cumuli,SE_Bt_Etc_KintounWhistle,SE_Bt_Etc_GuuBooWhistle_only,SE_Bt_Etc_KintounBye
196,,,SE_Bt_Etc_RakudaDragoneWhistle,SE_Bt_Etc_GuuBooWhistle_only,SE_Bt_Etc_RakudaDragoneBye
197,battle tiger,battle tigers,SE_Bt_Etc_ToraWhistle,SE_Bt_Etc_GuuBooWhistle_only,SE_Bt_Etc_ToraBye
198,,,SE_Bt_Etc_RakudaDragoneWhistle,SE_Bt_Etc_GuuBooWhistle_only,SE_Bt_Etc_RakudaDragoneBye
199,,,SE_Bt_Etc_AhrimanWhistle,SE_Bt_Etc_ChocoboWhistle_only,SE_Bt_Etc_AhrimanBye
200,morbol,morbols,SE_Bt_Etc_MolbolWhistle,SE_Bt_Etc_GuuBooWhistle_only,SE_Bt_Etc_MolbolBye
201,portly porxie,portly porxies,SE_Bt_Etc_FairyOakWhistle,SE_Bt_Etc_GuuBooWhistle_only,SE_Bt_Etc_FairyOakBye
202,Epimetheus,Epimethei,SE_Bt_Etc_PrometeusWhistle,SE_Bt_Etc_MadoWhistle_only,SE_Bt_Etc_PrometeusBye
203,Menoetius,Menoetii,SE_Bt_Etc_PrometeusWhistle,SE_Bt_Etc_MadoWhistle_only,SE_Bt_Etc_PrometeusBye
204,Construct VII,Constructs VII,SE_Bt_Etc_KoboldGolemWhistle,SE_Bt_Etc_MadoWhistle_only,SE_Bt_Etc_KoboldGolemBye
205,shadow gwiber,shadow gwibers,SE_Bt_Etc_BanshinryuuWhistle,SE_Bt_Etc_GuuBooWhistle_only,SE_Bt_Etc_BanshinryuuBye
206,spriggan stonecarrier,spriggan stonecarriers,SE_Bt_Etc_SpriganWhistle,SE_Bt_Etc_GuuBooWhistle_only,SE_Bt_Etc_SpriganBye
207,forgiven reticence,forgiven reticence,SE_Bt_Etc_YonsokuTenshiWhistle,SE_Bt_Etc_GuuBooWhistle_only,SE_Bt_Etc_YonsokuTenshiBye
208,dhalmel,dhalmels,SE_Bt_Etc_DhalmelWhistle,SE_Bt_Etc_GuuBooWhistle_only,SE_Bt_Etc_DhalmelBye
209,albino karakul,albino karakuls,SE_Bt_Etc_SheepWhistle,SE_Bt_Etc_GuuBooWhistle_only,SE_Bt_Etc_SheepBye
210,,,SE_Bt_Etc_FairyOakWhistle,SE_Bt_Etc_GuuBooWhistle_only,SE_Bt_Etc_FairyOakBye
211,ufiti,ufitis,SE_Bt_Etc_GorilaWhistle,SE_Bt_Etc_GuuBooWhistle_only,SE_Bt_Etc_GorilaBye
212,deinonychus,deinonychus,SE_Bt_Etc_RaptorWhistle,SE_Bt_Etc_GuuBooWhistle_only,SE_Bt_Etc_RaptorBye
213,Construct 14,Construct 14s,SE_Bt_Etc_Labor8Whistle,SE_Bt_Etc_GuuBooWhistle_only,SE_Bt_Etc_Labor8Bye
214,kingly peacock,kingly peacocks,SE_Bt_Etc_PeacockWhistle,SE_Bt_Etc_GuuBooWhistle_only,SE_Bt_Etc_PeacockBye
215,Great Vessel of Ronka,Great Vessels of Ronka,SE_Bt_Etc_TsuchinokoWhistle,SE_Bt_Etc_GuuBooWhistle_only,SE_Bt_Etc_TsuchinokoBye
216,pteranodon,pteranodons,SE_Bt_Etc_PteranodonWhistle,SE_Bt_Etc_GuuBooWhistle_only,SE_Bt_Etc_PteranodonBye
217,ruby gwiber,ruby gwibers,SE_Bt_Etc_BanshinryuuWhistle,SE_Bt_Etc_GuuBooWhistle_only,SE_Bt_Etc_BanshinryuuBye
218,hybodus,hybodus,SE_Bt_Etc_SharkWhistle,SE_Bt_Etc_GuuBooWhistle_only,SE_Bt_Etc_SharkBye
219,Ramuh,Ramuhs,SE_Bt_Etc_1stRamuhWhistle,SE_Bt_Etc_GuuBooWhistle_only,SE_Bt_Etc_1stRamuhBye
220,Rubellite Carbuncle,Rubellite Carbuncles,SE_Bt_Etc_CarbuncleWhistle,SE_Bt_Etc_HarpieWhistle_only,SE_Bt_Etc_CarbuncleBye
221,,,SE_Bt_Etc_TsuchinokoWhistle,SE_Bt_Etc_GuuBooWhistle_only,SE_Bt_Etc_TsuchinokoBye
222,chocobo carriage,chocobo carriages,SE_Bt_Etc_CCarriageWhistle,SE_Bt_Etc_ChocoboWhistle_only,SE_Bt_Etc_CCarriageBye
223,Rolling Tankard,Rolling Tankards,SE_Bt_Etc_DTankWhistle,SE_Bt_Etc_MadoWhistle_only,SE_Bt_Etc_DTankBye
224,Gabriel α,Gabriels α,SE_Bt_Etc_ZeroGabrielWhistle,SE_Bt_Etc_MadoWhistle_only,SE_Bt_Etc_ZeroGabrieBye
225,megalotragus,megalotraguses,SE_Bt_Etc_GazelleWhistle,SE_Bt_Etc_GuuBooWhistle_only,SE_Bt_Etc_GazelleBye
226,gwiber of light,gwibers of light,SE_Bt_Etc_BanshinryuuWhistle,SE_Bt_Etc_GuuBooWhistle_only,SE_Bt_Etc_BanshinryuuBye
227,,,SE_Bt_Etc_DTankWhistle,SE_Bt_Etc_MadoWhistle_only,SE_Bt_Etc_DTankBye
228,Jibanyan couch,Jibanyan couches,SE_Bt_Etc_YKWChairWhistle,SE_Bt_Etc_GuuBooWhistle_only,SE_Bt_Etc_YKWChairBye
229,magitek hyperconveyor,magitek hyperconveyors,SE_Bt_Etc_HakaseIsuWhistle,SE_Bt_Etc_MadoWhistle_only,SE_Bt_Etc_HakaseIsuBye
230,Ehll Tou,Ehll Tous,SE_Bt_Etc_ErtoWhistle,SE_Bt_Etc_GuuBooWhistle_only,SE_Bt_Etc_ErtoBye
231,Incitatus,Incitatuses,SE_Bt_Etc_UnicornWhistle,SE_Bt_Etc_GuuBooWhistle_only,SE_Bt_Etc_UnicornBye
232,snowman,snowmen,SE_Bt_Etc_SnowmanWhistle,SE_Bt_Etc_GuuBooWhistle_only,SE_Bt_Etc_SnowmanBye
233,Lunar Whale,Lunar Whales,SE_Bt_Etc_FF4MadosenWhistle,SE_Bt_Etc_MadoWhistle_only,SE_Bt_Etc_FF4MadosenBye
234,Eden,Edens,SE_Bt_Etc_EdenPrimelWhistle,SE_Bt_Etc_MadoWhistle_only,SE_Bt_Etc_EdenPrimeBye
235,Cerberus,Cerberi,SE_Bt_Etc_CerberusWhistle,SE_Bt_Etc_GuuBooWhistle_only,SE_Bt_Etc_CerberusBye
236,big shell,big shells,SE_Bt_Etc_FF11CrabWhistle,SE_Bt_Etc_GuuBooWhistle_only,SE_Bt_Etc_FF11CrabBye
237,Arion,Arions,SE_Bt_Etc_6LeggedHorseWhistle,SE_Bt_Etc_GuuBooWhistle_only,SE_Bt_Etc_6LeggedHorseBye
238,emerald gwiber,emerald gwibers,SE_Bt_Etc_BanshinryuuWhistle,SE_Bt_Etc_GuuBooWhistle_only,SE_Bt_Etc_BanshinryuuBye
239,prototype roader,prototype roaders,SE_Bt_Etc_MagunarodersWhistle,SE_Bt_Etc_MadoWhistle_only,SE_Bt_Etc_MagunarodersBye
240,chocorpokkur,chocorpokkurs,SE_Bt_Etc_MarimokunWhistle,SE_Bt_Etc_GuuBooWhistle_only,SE_Bt_Etc_MarimokunBye
241,Gabriel Mark III,Gabriels Mark III,SE_Bt_Etc_ZeroGabrielWhistle,SE_Bt_Etc_MadoWhistle_only,SE_Bt_Etc_ZeroGabrieBye
242,antelope doe,antelope does,SE_Bt_Etc_YackleFWhistle,SE_Bt_Etc_GuuBooWhistle_only,SE_Bt_Etc_YackleFBye
243,antelope stag,antelope stags,SE_Bt_Etc_YackleMWhistle,SE_Bt_Etc_GuuBooWhistle_only,SE_Bt_Etc_YackleMBye
244,,,SE_Bt_Etc_MadoWhistle,SE_Bt_Etc_MadoWhistle_only,SE_Bt_Etc_MadoBye
245,Landerwaffe,Landerwaffes,SE_Bt_Etc_MechDragonWhistle,SE_Bt_Etc_MadoWhistle_only,SE_Bt_Etc_MechDragonBye
246,Al-iklil,Al-iklils,SE_Bt_Etc_Bike12Whistle,SE_Bt_Etc_MadoWhistle_only,SE_Bt_Etc_Bike12Bye
247,Cruise Chaser,Cruise Chasers,SE_Bt_Etc_CChaserWhistle,SE_Bt_Etc_MadoWhistle_only,SE_Bt_Etc_CChaserBye
248,Construct VI-S,Constructs VI-S,SE_Bt_Etc_KoboldGolemWhistle,SE_Bt_Etc_MadoWhistle_only,SE_Bt_Etc_KoboldGolemBye
249,diamond gwiber,diamond gwibers,SE_Bt_Etc_BanshinryuuWhistle,SE_Bt_Etc_GuuBooWhistle_only,SE_Bt_Etc_BanshinryuuBye
250,polar bear,polar bears,SE_Bt_Etc_XmasKumaWhistle,SE_Bt_Etc_GuuBooWhistle_only,SE_Bt_Etc_XmasKumaBye
251,,,SE_Bt_Etc_MadoWhistle,SE_Bt_Etc_MadoWhistle_only,SE_Bt_Etc_MadoBye
252,gilded mikoshi,gilded mikoshi,SE_Bt_Etc_NamazuoWhistle,SE_Bt_Etc_GuuBooWhistle_only,SE_Bt_Etc_NamazuoBye
253,Resplendent Vessel of Ronka,Resplendent Vessels of Ronka,SE_Bt_Etc_TsuchinokoWhistle,SE_Bt_Etc_GuuBooWhistle_only,SE_Bt_Etc_TsuchinokoBye
254,magicked card,magicked cards,SE_Bt_Etc_TTCWhistle,SE_Bt_Etc_GuuBooWhistle_only,SE_Bt_Etc_TTCBye
255,island mandragora,island mandragoras,SE_Bt_Etc_Mount_Mandragora_call,SE_Bt_Etc_GuuBooWhistle_only,SE_Bt_Etc_Mount_Mandragora_bye
256,island Onion Prince,island Onion Princes,SE_Bt_Etc_Mount_Mandragora_call,SE_Bt_Etc_GuuBooWhistle_only,SE_Bt_Etc_Mount_Mandragora_bye
257,island Eggplant Knight,island Eggplant Knights,SE_Bt_Etc_Mount_Mandragora_call,SE_Bt_Etc_GuuBooWhistle_only,SE_Bt_Etc_Mount_Mandragora_bye
258,island Garlic Jester,island Garlic Jesters,SE_Bt_Etc_Mount_Mandragora_call,SE_Bt_Etc_GuuBooWhistle_only,SE_Bt_Etc_Mount_Mandragora_bye
259,island Tomato King,island Tomato Kings,SE_Bt_Etc_Mount_Mandragora_call,SE_Bt_Etc_GuuBooWhistle_only,SE_Bt_Etc_Mount_Mandragora_bye
260,island Mandragora Queen,island Mandragora Queens,SE_Bt_Etc_Mount_Mandragora_call,SE_Bt_Etc_GuuBooWhistle_only,SE_Bt_Etc_Mount_Mandragora_bye
261,lynx of eternal darkness,lynxes of eternal darkness,SE_Bt_Etc_Mount_Maju_call,SE_Bt_Etc_GuuBooWhistle_only,SE_Bt_Etc_Mount_Maju_bye
262,lynx of divine light,lynxes of divine light,SE_Bt_Etc_Mount_Maju_call,SE_Bt_Etc_GuuBooWhistle_only,SE_Bt_Etc_Mount_Maju_bye
263,Argos,Argoses,SE_Bt_Etc_Mount_MoonDog_call,SE_Bt_Etc_GuuBooWhistle_only,SE_Bt_Etc_Mount_MoonDog_bye
264,dreadnaught,dreadnaughts,SE_Bt_Etc_Mount_Dread_call,SE_Bt_Etc_MadoWhistle_only,SE_Bt_Etc_Mount_Dread_bye
265,Demi-Phoinix,Demi-Phoinixes,SE_Bt_Etc_Mount_Phoenix_call,SE_Bt_Etc_GuuBooWhistle_only,SE_Bt_Etc_Mount_Phoenix_bye
266,Calydontis,Calydontes,SE_Bt_Etc_Mount_Boar_call,SE_Bt_Etc_GuuBooWhistle_only,SE_Bt_Etc_Mount_Boar_bye
267,Victor,Victors,SE_Bt_Etc_Mount_Bulldog_call,SE_Bt_Etc_GuuBooWhistle_only,SE_Bt_Etc_Mount_Bulldog_bye
268,level checker,level checkers,SE_Bt_Etc_Mount_LvChecker_call,SE_Bt_Etc_MadoWhistle_only,SE_Bt_Etc_Mount_LvChecker_bye
269,Papa Paissa,Papa Paissas,SE_Bt_Etc_Mount_Paissa_call,SE_Bt_Etc_GuuBooWhistle_only,SE_Bt_Etc_Mount_Paissa_bye
270,,,SE_Bt_Etc_TwinTaniaWhistle,SE_Bt_Etc_GuuBooWhistle_only,SE_Bt_Etc_TwinTaniaBye
271,,,SE_Bt_Etc_Bike12Whistle,SE_Bt_Etc_MadoWhistle_only,SE_Bt_Etc_Bike12Bye
272,,,SE_Bt_Etc_MadoWhistle,SE_Bt_Etc_MadoWhistle_only,SE_Bt_Etc_MadoBye
273,wivre,wivres,SE_Bt_Etc_Mount_FF11Wivre_call,SE_Bt_Etc_GuuBooWhistle_only,SE_Bt_Etc_Mount_FF11Wivre_bye
274,porxie king,porxie kings,SE_Bt_Etc_FairyOakWhistle,SE_Bt_Etc_GuuBooWhistle_only,SE_Bt_Etc_FairyOakBye
275,,,SE_Bt_Etc_DodoWhistle,SE_Bt_Etc_GuuBooWhistle_only,SE_Bt_Etc_DodoBye
276,,,,,
277,Garlond GL-II,Garlond GL-IIs,SE_Bt_Etc_Mount_AmericanBike_call,SE_Bt_Etc_MadoWhistle_only,SE_Bt_Etc_Mount_AmericanBike_bye
278,,,,,
279,mechanical lotus,mechanical lotuses,SE_Bt_Etc_Mount_Lotus_call,SE_Bt_Etc_GuuBooWhistle_only,SE_Bt_Etc_Mount_Lotus_bye
280,Fylgja,Fylgjas,SE_Bt_Etc_Mount_ColorDragon_call,SE_Bt_Etc_GuuBooWhistle_only,SE_Bt_Etc_Mount_ColorDragon_bye
281,alkonost,alkonosts,SE_Bt_Etc_Mount_Peryton_call,SE_Bt_Etc_GuuBooWhistle_only,SE_Bt_Etc_Mount_Peryton_bye
282,island buffalo,island buffaloes,SE_Bt_Etc_Mount_Kujata_call,SE_Bt_Etc_GuuBooWhistle_only,SE_Bt_Etc_Mount_Kujata_bye
283,brachiosaur,brachiosaurs,SE_Bt_Etc_Mount_Brachioraidos_call,SE_Bt_Etc_GuuBooWhistle_only,SE_Bt_Etc_Mount_Brachioraidos_bye
284,pod 602,pods 602,SE_Bt_Etc_Mount_YTCPod_call,SE_Bt_Etc_MadoWhistle_only,SE_Bt_Etc_Mount_YTCPod_bye
285,moon-hopper,moon-hoppers,SE_Bt_Etc_Mount_BuildSupporter_call,SE_Bt_Etc_MadoWhistle_only,SE_Bt_Etc_Mount_BuildSupporter_bye
286,island alligator,island alligators,SE_Bt_Etc_Mount_Crocodile_call,SE_Bt_Etc_GuuBooWhistle_only,SE_Bt_Etc_Mount_Crocodile_bye
287,hippo cart,hippo carts,SE_Bt_Etc_Mount_HippoCar_call,SE_Bt_Etc_GuuBooWhistle_only,SE_Bt_Etc_Mount_HippoCar_bye
288,troll,trolls,SE_Bt_Etc_Mount_Troll_call,SE_Bt_Etc_GuuBooWhistle_only,SE_Bt_Etc_Mount_Troll_bye
289,,,SE_Bt_Etc_MadoWhistle,SE_Bt_Etc_MadoWhistle_only,SE_Bt_Etc_MadoBye
290,UFO,UFOs,SE_Bt_Etc_Mount_FF8-UFO_call,SE_Bt_Etc_MadoWhistle_only,SE_Bt_Etc_Mount_FF8-UFO_bye
291,vinegaroon,vinegaroons,SE_Bt_Etc_Mount_Biter_call,SE_Bt_Etc_GuuBooWhistle_only,SE_Bt_Etc_Mount_Biter_bye
292,Orthos craklaw,Orthos craklaws,SE_Bt_Etc_Mount_HorseshoeCrab_call,SE_Bt_Etc_GuuBooWhistle_only,SE_Bt_Etc_Mount_HorseshoeCrab_bye
293,bluefeather lynx,bluefeather lynxes,SE_Bt_Etc_Mount_Maju_call,SE_Bt_Etc_GuuBooWhistle_only,SE_Bt_Etc_Mount_Maju_bye
294,megashiba,megashiba,SE_Bt_Etc_Mount_Shiba_call,SE_Bt_Etc_GuuBooWhistle_only,SE_Bt_Etc_Mount_Shiba_bye
295,,,SE_Bt_Etc_Mount_HippoCar_call,SE_Bt_Etc_GuuBooWhistle_only,SE_Bt_Etc_Mount_HippoCar_bye
296,,,SE_Bt_Etc_Mount_HippoCar_call,SE_Bt_Etc_GuuBooWhistle_only,SE_Bt_Etc_Mount_HippoCar_bye
297,traveling supporter,traveling supporters,SE_Bt_Etc_Mount_MainteRobo_call,SE_Bt_Etc_MadoWhistle_only,SE_Bt_Etc_Mount_MainteRobo_bye
298,Miw Miisv,Miw Miisv,SE_Bt_Etc_Mount_SpaceJellyfish_call,SE_Bt_Etc_GuuBooWhistle_only,SE_Bt_Etc_Mount_SpaceJellyfish_bye
299,wondrous lanner,wondrous lanners,SE_Bt_Etc_BirdWhistle,SE_Bt_Etc_GuuBooWhistle_only,SE_Bt_Etc_BirdBye
300,magicked umbrella,magicked umbrellas,SE_Bt_Etc_Mount_Umbrella_call,SE_Bt_Etc_GuuBooWhistle_only,SE_Bt_Etc_Mount_Umbrella_bye
301,magicked parasol,magicked parasols,SE_Bt_Etc_Mount_Umbrella_call,SE_Bt_Etc_GuuBooWhistle_only,SE_Bt_Etc_Mount_Umbrella_bye
302,Starlight steed,Starlight steeds,SE_Bt_Etc_Mount_Reindeer_call,SE_Bt_Etc_GuuBooWhistle_only,SE_Bt_Etc_Mount_Reindeer_bye
303,Sil'dihn throne,Sil'dihn thrones,SE_Bt_Etc_Mount_VVDChair_call,SE_Bt_Etc_GuuBooWhistle_only,SE_Bt_Etc_Mount_VVDChair_bye
304,silkie,silkies,SE_Bt_Etc_Mount_NanaFamiliar_call,SE_Bt_Etc_GuuBooWhistle_only,SE_Bt_Etc_Mount_NanaFamiliar_bye
305,sunforged,sunforged,SE_Bt_Etc_Mount_FlameBeast_call,SE_Bt_Etc_GuuBooWhistle_only,SE_Bt_Etc_Mount_FlameBeast_bye
306,lynx of imperious wind,lynxes of imperious wind,SE_Bt_Etc_Mount_Maju_call,SE_Bt_Etc_GuuBooWhistle_only,SE_Bt_Etc_Mount_Maju_bye
307,,,SE_Bt_Etc_Mount_SpaceJellyfish_call,SE_Bt_Etc_GuuBooWhistle_only,SE_Bt_Etc_Mount_SpaceJellyfish_bye
308,aeturna,aeturnae,SE_Bt_Etc_ToraWhistle,SE_Bt_Etc_GuuBooWhistle_only,SE_Bt_Etc_ToraBye
309,,,SE_Bt_Etc_Mount_BuildSupporter_call,SE_Bt_Etc_MadoWhistle_only,SE_Bt_Etc_Mount_BuildSupporter_bye
310,set of ceruleum balloons,sets of ceruleum balloons,SE_Bt_Etc_Mount_Balloon_call,SE_Bt_Etc_GuuBooWhistle_only,SE_Bt_Etc_Mount_Balloon_bye
311,Anden III,Andens III,SE_Bt_Etc_Mount_GrassFace_call,SE_Bt_Etc_GuuBooWhistle_only,SE_Bt_Etc_Mount_GrassFace_bye
312,Blackjack,Blackjacks,SE_Bt_Etc_Mount_BlackJack_call,SE_Bt_Etc_MadoWhistle_only,SE_Bt_Etc_Mount_BlackJack_bye
313,Phaethon,Phaethons,SE_Bt_Etc_IxionWhistle,SE_Bt_Etc_GuuBooWhistle_only,SE_Bt_Etc_IxionBye
314,Pinky,Pinkies,SE_Bt_Etc_ElephantWhistle,SE_Bt_Etc_GuuBooWhistle_only,SE_Bt_Etc_ElephantBye
315,lynx of righteous fire,lynxes of righteous fire,SE_Bt_Etc_Mount_Maju_call,SE_Bt_Etc_GuuBooWhistle_only,SE_Bt_Etc_Mount_Maju_bye
316,magitek avenger G1,magitek avengers G1,SE_Bt_Etc_MekagoriraWhistle,SE_Bt_Etc_MadoWhistle_only,SE_Bt_Etc_MekagoriraBye
317,Chrysomallos,Chrysomalloi,SE_Bt_Etc_SheepWhistle,SE_Bt_Etc_GuuBooWhistle_only,SE_Bt_Etc_SheepBye
318,Garlond GL-IS,Garlond GL-ISs,SE_Bt_Etc_Mount_Sidecar_call,SE_Bt_Etc_MadoWhistle_only,SE_Bt_Etc_Mount_Sidecar_bye
319,megaloambystoma,megaloambystomas,SE_Bt_Etc_Mount_WooperLooper_call,SE_Bt_Etc_GuuBooWhistle_only,SE_Bt_Etc_Mount_WooperLooper_bye
320,Rising Phoenix,Rising Phoenixes,SE_Bt_Etc_Mount_10thPhoenix_call,SE_Bt_Etc_GuuBooWhistle_only,SE_Bt_Etc_Mount_10thPhoenix_bye
321,burabura chochin,burabura chochin,SE_Bt_Etc_Mount_VVD2-ObakeChochin_call,SE_Bt_Etc_GuuBooWhistle_only,SE_Bt_Etc_Mount_VVD2-ObakeChochin_bye
322,Shishioji,Shishioji,SE_Bt_Etc_Mount_VVD2-Nue_call,SE_Bt_Etc_GuuBooWhistle_only,SE_Bt_Etc_Mount_VVD2-Nue_bye
323,shadow wolf,shadow wolves,SE_Bt_Etc_Mount_KageOh_call,SE_Bt_Etc_GuuBooWhistle_only,SE_Bt_Etc_Mount_KageOh_bye
324,magicked children's bed,magicked children's beds,SE_Bt_Etc_Mount_BedKusocho_call,SE_Bt_Etc_GuuBooWhistle_only,SE_Bt_Etc_Mount_BedKusocho_bye
325,lynx of fallen shadow,lynxes of fallen shadow,SE_Bt_Etc_Mount_Maju_call,SE_Bt_Etc_GuuBooWhistle_only,SE_Bt_Etc_Mount_Maju_bye
326,Torgal,Torgals,SE_Bt_Etc_Mount_SXT_call,SE_Bt_Etc_MadoWhistle_only,SE_Bt_Etc_Mount_SXT_bye
327,Ark,Arks,SE_Bt_Etc_Mount_CEArk_call,SE_Bt_Etc_MadoWhistle_only,SE_Bt_Etc_Mount_CEArk_bye
328,apocryphal Bahamut,apocryphal Bahamuts,SE_Bt_Etc_Mount_FF4-Bahamut_call,SE_Bt_Etc_GuuBooWhistle_only,SE_Bt_Etc_Mount_FF4-Bahamut_bye
329,crescent moon,crescent moons,SE_Bt_Etc_Mount_Tsuki_to_Leporrit_call,SE_Bt_Etc_GuuBooWhistle_only,SE_Bt_Etc_Mount_Tsuki_to_Leporrit_bye
330,Rhiyes,Rhiyeses,SE_Bt_Etc_Mount_FGS_call,SE_Bt_Etc_MadoWhistle_only,SE_Bt_Etc_Mount_FGS_bye
331,oppressor,oppressors,SE_Bt_Etc_Mount_Yosai_2soku_call,SE_Bt_Etc_MadoWhistle_only,SE_Bt_Etc_Mount_Yosai_2soku_bye
332,lynx of abyssal grief,lynxes of abyssal grief,SE_Bt_Etc_Mount_Maju_call,SE_Bt_Etc_GuuBooWhistle_only,SE_Bt_Etc_Mount_Maju_bye
333,sabotender de la luna,sabotenders de la luna,SE_Bt_Etc_Mount_UchuSaboten_call,SE_Bt_Etc_GuuBooWhistle_only,SE_Bt_Etc_Mount_UchuSaboten_bye
334,spectral Statice,spectral Statices,SE_Bt_Etc_Mount_Nimue_call,SE_Bt_Etc_GuuBooWhistle_only,SE_Bt_Etc_Mount_Nimue_bye
335,Garlond GL-IIT,Garlond GL-IITs,SE_Bt_Etc_Mount_TractorBike_call,SE_Bt_Etc_MadoWhistle_only,SE_Bt_Etc_Mount_TractorBike_bye
336,Peatie,Peaties,SE_Bt_Etc_GuuBooWhistle,SE_Bt_Etc_GuuBooWhistle_only,SE_Bt_Etc_GuuBooBye
337,,,,,
338,quaqua,quaquas,SE_Bt_Etc_Mount_SenreijuCu_call,SE_Bt_Etc_GuuBooWhistle_only,SE_Bt_Etc_Mount_SenreijuCu_bye
339,island Peerifool,island Peerifools,SE_Bt_Etc_Mount_Mandragora_call,SE_Bt_Etc_GuuBooWhistle_only,SE_Bt_Etc_Mount_Mandragora_bye
340,island adenium,island adeniums,SE_Bt_Etc_Mount_Mandragora_call,SE_Bt_Etc_GuuBooWhistle_only,SE_Bt_Etc_Mount_Mandragora_bye
341,,,SE_Bt_Etc_GuuBooWhistle,SE_Bt_Etc_GuuBooWhistle_only,SE_Bt_Etc_GuuBooBye
342,ty'aitya,ty'aitya,SE_Bt_Etc_Mount_BladeMomonga_call,SE_Bt_Etc_GuuBooWhistle_only,SE_Bt_Etc_Mount_BladeMomonga_bye
343,air-wheeler A9,air-wheeler A9s,SE_Bt_Etc_Mount_9thAirBike_call,SE_Bt_Etc_MadoWhistle_only,SE_Bt_Etc_Mount_9thAirBike_bye
344,alpaca,alpacas,SE_Bt_Etc_Mount_Alpaca_call,SE_Bt_Etc_GuuBooWhistle_only,SE_Bt_Etc_Mount_Alpaca_bye
345,wings of ruin,wings of ruin,SE_Bt_Etc_Mount_Wing_call,SE_Bt_Etc_GuuBooWhistle_only,SE_Bt_Etc_Mount_Wing_bye
346,wings of resolve,wings of resolve,SE_Bt_Etc_Mount_Wing_call,SE_Bt_Etc_GuuBooWhistle_only,SE_Bt_Etc_Mount_Wing_bye
347,outrunner,outrunners,SE_Bt_Etc_Mount_Guideroid_call,SE_Bt_Etc_MadoWhistle_only,SE_Bt_Etc_Mount_Guideroid_bye
348,mehwapyarra,mehwapyarras,SE_Bt_Etc_Mount_Capybara_call,SE_Bt_Etc_GuuBooWhistle_only,SE_Bt_Etc_Mount_Capybara_bye
349,monowheel S1,monowheels S1,SE_Bt_Etc_Mount_MonoBike_call,SE_Bt_Etc_MadoWhistle_only,SE_Bt_Etc_Mount_MonoBike_bye
350,rroneek,rroneek,SE_Bt_Etc_Mount_AmericanBison_call,SE_Bt_Etc_GuuBooWhistle_only,SE_Bt_Etc_Mount_AmericanBison_bye
351,Ullr,Ullr,SE_Bt_Etc_Mount_ArmoredWyvern_call,SE_Bt_Etc_GuuBooWhistle_only,SE_Bt_Etc_Mount_ArmoredWyvern_bye
352,qeziigural,qeziigurals,SE_Bt_Etc_Mount_PteranodonRock_call,SE_Bt_Etc_GuuBooWhistle_only,SE_Bt_Etc_Mount_PteranodonRock_bye
353,automatoise,automatoises,SE_Bt_Etc_Mount_AdamanCyber_call,SE_Bt_Etc_MadoWhistle_only,SE_Bt_Etc_Mount_AdamanCyber_bye
354,mountain zu,mountain zu,SE_Bt_Etc_ZooWhistle,SE_Bt_Etc_GuuBooWhistle_only,SE_Bt_Etc_ZooBye
355,,,SE_Bt_Etc_Mount_Alpaca_call,SE_Bt_Etc_GuuBooWhistle_only,SE_Bt_Etc_Mount_Alpaca_bye
356,barreltender,barreltenders,SE_Bt_Etc_Mount_MachoSaboten_call,SE_Bt_Etc_GuuBooWhistle_only,SE_Bt_Etc_Mount_MachoSaboten_bye
357,,,,,
358,punutiy,punutiys,SE_Bt_Etc_Mount_BigManatee_call,SE_Bt_Etc_GuuBooWhistle_only,SE_Bt_Etc_Mount_BigManatee_bye
359,,,,,
360,shroud of Darkness,shrouds of Darkness,SE_Bt_Etc_Mount_KurayamiKumo_call,SE_Bt_Etc_GuuBooWhistle_only,SE_Bt_Etc_Mount_KurayamiKumo_bye
361,dais of Darkness,daises of Darkness,SE_Bt_Etc_Mount_AnkokuTenku_call,SE_Bt_Etc_GuuBooWhistle_only,SE_Bt_Etc_Mount_AnkokuTenku_bye
362,,,,,
363,wings of eternity,wings of eternity,SE_Bt_Etc_Mount_Wing_call,SE_Bt_Etc_GuuBooWhistle_only,SE_Bt_Etc_Mount_Wing_bye
364,,,,,
365,venturous kamuy,venturous kamuy,SE_Bt_Etc_InugamiWhistle,SE_Bt_Etc_GuuBooWhistle_only,SE_Bt_Etc_InugamiBye
366,,,,,
367,,,,,
368,,,,,
369,,,SE_Bt_Etc_Mount_BigManatee_call,SE_Bt_Etc_GuuBooWhistle_only,SE_Bt_Etc_Mount_BigManatee_bye
370,,,,,
371,,,,,
372,,,,,
373,,,,,
374,snowstreamer,snowstreamers,SE_Bt_Etc_SnowmanWhistle,SE_Bt_Etc_GuuBooWhistle_only,SE_Bt_Etc_SnowmanBye
375,,,,,
376,,,,,
377,,,,,
378,,,,,
379,,,,,
